0,-1,1,19,20,2,-1,-1,-1,-1,-1,0,18,36,37,55,56,38,39,21,3,-1,-1,-1,-1,-1,-1,-1,-1,-1,-1,-1,-1,-1,-1,-1,54,72,73,91,92,74,75,57,58,40,22,4,-1,-1,-1,-1,-1,-1,-1,-1,-1,-1,-1,-1,-1,-1,-1,-1,-1,-1,-1,-1,-1,-1,-1,-1,-1,-1,-1,-1,-1,-1,-1,-1,-1,-1,-1,-1,-1,-1,-1,-1,-1,-1,-1,-1,-1,-1,-1,-1,-1,-1,-1,-1,-1,-1,-1,-1,-1,-1,-1,-1,,,,,,,,,,,,,,,,,,,,,,,,,,,,,,,,,,,,,,,,,,,
1,-1,3,21,22,4,-1,-1,-1,-1,-1,2,20,38,39,57,58,40,41,23,5,-1,-1,-1,-1,-1,-1,-1,-1,-1,-1,-1,1,19,37,55,56,74,75,93,94,76,77,59,60,42,24,6,-1,-1,-1,-1,-1,-1,-1,-1,-1,-1,-1,-1,-1,-1,-1,-1,-1,-1,-1,-1,-1,-1,-1,-1,-1,-1,-1,-1,-1,-1,-1,-1,-1,-1,-1,-1,-1,-1,-1,-1,-1,-1,-1,-1,-1,-1,-1,-1,-1,-1,-1,-1,-1,-1,-1,-1,-1,-1,-1,-1,,,,,,,,,,,,,,,,,,,,,,,,,,,,,,,,,,,,,,,,,,,
2,-1,5,23,24,6,-1,-1,-1,-1,-1,4,22,40,41,59,60,42,43,25,7,-1,-1,-1,-1,-1,-1,-1,-1,-1,-1,-1,3,21,39,57,58,76,77,95,96,78,79,61,62,44,26,8,-1,-1,-1,-1,-1,-1,-1,-1,-1,-1,-1,-1,-1,-1,-1,-1,-1,-1,-1,-1,-1,-1,-1,-1,-1,-1,-1,-1,-1,-1,-1,-1,-1,-1,-1,-1,-1,-1,-1,-1,-1,-1,-1,-1,-1,-1,-1,-1,-1,-1,-1,-1,-1,-1,-1,-1,-1,-1,-1,-1,,,,,,,,,,,,,,,,,,,,,,,,,,,,,,,,,,,,,,,,,,,
3,-1,7,25,26,8,-1,-1,-1,-1,-1,6,24,42,43,61,62,44,45,27,9,-1,-1,-1,-1,-1,-1,-1,-1,-1,-1,-1,5,23,41,59,60,78,79,97,98,80,81,63,64,46,28,10,-1,-1,-1,-1,-1,-1,-1,-1,-1,-1,-1,-1,-1,-1,-1,-1,-1,-1,-1,-1,-1,-1,-1,-1,-1,-1,-1,-1,-1,-1,-1,-1,-1,-1,-1,-1,-1,-1,-1,-1,-1,-1,-1,-1,-1,-1,-1,-1,-1,-1,-1,-1,-1,-1,-1,-1,-1,-1,-1,-1,,,,,,,,,,,,,,,,,,,,,,,,,,,,,,,,,,,,,,,,,,,
4,-1,9,27,28,10,-1,-1,-1,-1,-1,8,26,44,45,63,64,46,47,29,11,-1,-1,-1,-1,-1,-1,-1,-1,-1,-1,-1,7,25,43,61,62,80,81,99,100,82,83,65,66,48,30,12,-1,-1,-1,-1,-1,-1,-1,-1,-1,-1,-1,-1,-1,-1,-1,-1,-1,-1,-1,-1,-1,-1,-1,-1,-1,-1,-1,-1,-1,-1,-1,-1,-1,-1,-1,-1,-1,-1,-1,-1,-1,-1,-1,-1,-1,-1,-1,-1,-1,-1,-1,-1,-1,-1,-1,-1,-1,-1,-1,-1,,,,,,,,,,,,,,,,,,,,,,,,,,,,,,,,,,,,,,,,,,,
5,-1,11,29,30,12,-1,-1,-1,-1,-1,10,28,46,47,65,66,48,49,31,13,-1,-1,-1,-1,-1,-1,-1,-1,-1,-1,-1,9,27,45,63,64,82,83,101,102,84,85,67,68,50,32,14,-1,-1,-1,-1,-1,-1,-1,-1,-1,-1,-1,-1,-1,-1,-1,-1,-1,-1,-1,-1,-1,-1,-1,-1,-1,-1,-1,-1,-1,-1,-1,-1,-1,-1,-1,-1,-1,-1,-1,-1,-1,-1,-1,-1,-1,-1,-1,-1,-1,-1,-1,-1,-1,-1,-1,-1,-1,-1,-1,-1,,,,,,,,,,,,,,,,,,,,,,,,,,,,,,,,,,,,,,,,,,,
6,-1,13,31,32,14,-1,-1,-1,-1,-1,12,30,48,49,67,68,50,51,33,15,-1,-1,-1,-1,-1,-1,-1,-1,-1,-1,-1,11,29,47,65,66,84,85,103,104,86,87,69,70,52,34,16,-1,-1,-1,-1,-1,-1,-1,-1,-1,-1,-1,-1,-1,-1,-1,-1,-1,-1,-1,-1,-1,-1,-1,-1,-1,-1,-1,-1,-1,-1,-1,-1,-1,-1,-1,-1,-1,-1,-1,-1,-1,-1,-1,-1,-1,-1,-1,-1,-1,-1,-1,-1,-1,-1,-1,-1,-1,-1,-1,-1,,,,,,,,,,,,,,,,,,,,,,,,,,,,,,,,,,,,,,,,,,,
7,-1,15,33,34,16,-1,-1,-1,-1,-1,14,32,50,51,69,70,52,53,35,17,-1,-1,-1,-1,-1,-1,-1,-1,-1,-1,-1,13,31,49,67,68,86,87,105,106,88,89,71,-1,-1,-1,-1,-1,-1,-1,-1,-1,-1,-1,-1,-1,-1,-1,-1,-1,-1,-1,-1,-1,-1,-1,-1,-1,-1,-1,-1,-1,-1,-1,-1,-1,-1,-1,-1,-1,-1,-1,-1,-1,-1,-1,-1,-1,-1,-1,-1,-1,-1,-1,-1,-1,-1,-1,-1,-1,-1,-1,-1,-1,-1,-1,-1,,,,,,,,,,,,,,,,,,,,,,,,,,,,,,,,,,,,,,,,,,,
8,0,18,36,37,19,1,-1,-1,-1,-1,-1,-1,-1,54,72,73,55,56,38,20,2,-1,-1,-1,-1,-1,-1,-1,-1,-1,-1,-1,-1,-1,-1,-1,-1,90,108,109,91,92,74,75,57,39,21,3,-1,-1,-1,-1,-1,-1,-1,-1,-1,-1,-1,-1,-1,-1,-1,-1,-1,-1,-1,-1,-1,-1,-1,-1,-1,-1,-1,-1,-1,-1,-1,-1,-1,-1,-1,-1,-1,-1,-1,-1,-1,-1,-1,-1,-1,-1,-1,-1,-1,-1,-1,-1,-1,-1,-1,-1,-1,-1,-1,,,,,,,,,,,,,,,,,,,,,,,,,,,,,,,,,,,,,,,,,,,
9,2,3,20,38,39,21,-1,-1,-1,1,19,37,55,56,74,75,57,58,40,22,4,-1,-1,-1,-1,-1,-1,-1,-1,-1,0,18,36,54,72,73,91,92,110,111,93,94,76,77,59,41,23,5,-1,-1,-1,-1,-1,-1,-1,-1,-1,-1,-1,-1,-1,-1,-1,-1,-1,-1,-1,-1,-1,-1,-1,-1,-1,-1,-1,-1,-1,-1,-1,-1,-1,-1,-1,-1,-1,-1,-1,-1,-1,-1,-1,-1,-1,-1,-1,-1,-1,-1,-1,-1,-1,-1,-1,-1,-1,-1,-1,,,,,,,,,,,,,,,,,,,,,,,,,,,,,,,,,,,,,,,,,,,
10,4,22,40,41,23,5,-1,-1,-1,3,21,39,57,58,76,77,59,60,42,24,6,-1,-1,-1,-1,-1,-1,-1,-1,-1,2,20,38,56,74,75,93,94,112,113,95,96,78,79,61,43,25,7,-1,-1,-1,-1,-1,-1,-1,-1,-1,-1,-1,-1,-1,-1,-1,-1,-1,-1,-1,-1,-1,-1,-1,-1,-1,-1,-1,-1,-1,-1,-1,-1,-1,-1,-1,-1,-1,-1,-1,-1,-1,-1,-1,-1,-1,-1,-1,-1,-1,-1,-1,-1,-1,-1,-1,-1,-1,-1,-1,,,,,,,,,,,,,,,,,,,,,,,,,,,,,,,,,,,,,,,,,,,
11,6,24,42,43,25,7,-1,-1,-1,5,23,41,59,60,78,79,61,62,44,26,8,-1,-1,-1,-1,-1,-1,-1,-1,-1,4,22,40,58,76,77,95,96,114,115,97,98,80,81,63,45,27,9,-1,-1,-1,-1,-1,-1,-1,-1,-1,-1,-1,-1,-1,-1,-1,-1,-1,-1,-1,-1,-1,-1,-1,-1,-1,-1,-1,-1,-1,-1,-1,-1,-1,-1,-1,-1,-1,-1,-1,-1,-1,-1,-1,-1,-1,-1,-1,-1,-1,-1,-1,-1,-1,-1,-1,-1,-1,-1,-1,,,,,,,,,,,,,,,,,,,,,,,,,,,,,,,,,,,,,,,,,,,
12,8,26,44,45,27,9,-1,-1,-1,7,25,43,61,62,80,81,63,64,46,28,10,-1,-1,-1,-1,-1,-1,-1,-1,-1,6,24,42,60,78,79,97,98,116,117,99,100,82,83,65,47,29,11,-1,-1,-1,-1,-1,-1,-1,-1,-1,-1,-1,-1,-1,-1,-1,-1,-1,-1,-1,-1,-1,-1,-1,-1,-1,-1,-1,-1,-1,-1,-1,-1,-1,-1,-1,-1,-1,-1,-1,-1,-1,-1,-1,-1,-1,-1,-1,-1,-1,-1,-1,-1,-1,-1,-1,-1,-1,-1,-1,,,,,,,,,,,,,,,,,,,,,,,,,,,,,,,,,,,,,,,,,,,
13,10,28,46,47,29,11,-1,-1,-1,9,27,45,63,64,82,83,65,66,48,30,12,-1,-1,-1,-1,-1,-1,-1,-1,-1,8,26,44,62,80,81,99,100,118,119,101,102,84,85,67,49,31,13,-1,-1,-1,-1,-1,-1,-1,-1,-1,-1,-1,-1,-1,-1,-1,-1,-1,-1,-1,-1,-1,-1,-1,-1,-1,-1,-1,-1,-1,-1,-1,-1,-1,-1,-1,-1,-1,-1,-1,-1,-1,-1,-1,-1,-1,-1,-1,-1,-1,-1,-1,-1,-1,-1,-1,-1,-1,-1,-1,,,,,,,,,,,,,,,,,,,,,,,,,,,,,,,,,,,,,,,,,,,
14,12,30,48,49,31,13,-1,-1,-1,11,29,47,65,66,84,85,67,68,50,32,14,-1,-1,-1,-1,-1,-1,-1,-1,-1,10,28,46,64,82,83,101,102,120,121,103,104,86,87,69,51,33,15,-1,-1,-1,-1,-1,-1,-1,-1,-1,-1,-1,-1,-1,-1,-1,-1,-1,-1,-1,-1,-1,-1,-1,-1,-1,-1,-1,-1,-1,-1,-1,-1,-1,-1,-1,-1,-1,-1,-1,-1,-1,-1,-1,-1,-1,-1,-1,-1,-1,-1,-1,-1,-1,-1,-1,-1,-1,-1,-1,,,,,,,,,,,,,,,,,,,,,,,,,,,,,,,,,,,,,,,,,,,
15,14,32,50,51,33,15,-1,-1,-1,13,31,49,67,68,86,87,69,70,52,34,16,-1,-1,-1,-1,-1,-1,-1,-1,-1,12,30,48,66,84,85,103,104,122,123,105,106,88,89,71,53,35,17,-1,-1,-1,-1,-1,-1,-1,-1,-1,-1,-1,-1,-1,-1,-1,-1,-1,-1,-1,-1,-1,-1,-1,-1,-1,-1,-1,-1,-1,-1,-1,-1,-1,-1,-1,-1,-1,-1,-1,-1,-1,-1,-1,-1,-1,-1,-1,-1,-1,-1,-1,-1,-1,-1,-1,-1,-1,-1,-1,,,,,,,,,,,,,,,,,,,,,,,,,,,,,,,,,,,,,,,,,,,
16,16,34,52,53,35,17,-1,-1,-1,15,33,51,69,70,88,89,71,-1,-1,-1,-1,-1,-1,-1,-1,-1,-1,-1,-1,-1,14,32,50,68,86,87,105,106,124,125,107,-1,-1,-1,-1,-1,-1,-1,-1,-1,-1,-1,-1,-1,-1,-1,-1,-1,-1,-1,-1,-1,-1,-1,-1,-1,-1,-1,-1,-1,-1,-1,-1,-1,-1,-1,-1,-1,-1,-1,-1,-1,-1,-1,-1,-1,-1,-1,-1,-1,-1,-1,-1,-1,-1,-1,-1,-1,-1,-1,-1,-1,-1,-1,-1,-1,-1,,,,,,,,,,,,,,,,,,,,,,,,,,,,,,,,,,,,,,,,,,,
17,19,37,55,56,38,20,-1,1,0,18,36,54,72,73,91,92,74,75,57,39,21,3,2,-1,-1,-1,-1,-1,-1,-1,-1,-1,-1,-1,-1,90,108,109,127,128,110,111,93,94,76,58,40,22,4,-1,-1,-1,-1,-1,-1,-1,-1,-1,-1,-1,-1,-1,-1,-1,-1,-1,-1,-1,-1,-1,-1,-1,-1,-1,-1,-1,-1,-1,-1,-1,-1,-1,-1,-1,-1,-1,-1,-1,-1,-1,-1,-1,-1,-1,-1,-1,-1,-1,-1,-1,-1,-1,-1,-1,-1,-1,-1,,,,,,,,,,,,,,,,,,,,,,,,,,,,,,,,,,,,,,,,,,,
18,21,39,57,58,40,22,-1,3,2,20,38,56,74,75,93,94,76,77,59,41,23,5,4,-1,-1,-1,-1,-1,-1,1,19,37,55,73,91,92,110,111,129,130,112,113,95,96,78,60,42,24,6,-1,-1,-1,-1,-1,-1,-1,-1,-1,-1,-1,-1,-1,-1,-1,-1,-1,-1,-1,-1,-1,-1,-1,-1,-1,-1,-1,-1,-1,-1,-1,-1,-1,-1,-1,-1,-1,-1,-1,-1,-1,-1,-1,-1,-1,-1,-1,-1,-1,-1,-1,-1,-1,-1,-1,-1,-1,-1,,,,,,,,,,,,,,,,,,,,,,,,,,,,,,,,,,,,,,,,,,,
19,23,41,59,60,42,24,-1,5,4,22,40,58,76,77,95,96,78,79,61,43,25,7,6,-1,-1,-1,-1,-1,-1,3,21,39,57,75,93,94,112,113,131,132,114,115,97,98,80,62,44,26,8,-1,-1,-1,-1,-1,-1,-1,-1,-1,-1,-1,-1,-1,-1,-1,-1,-1,-1,-1,-1,-1,-1,-1,-1,-1,-1,-1,-1,-1,-1,-1,-1,-1,-1,-1,-1,-1,-1,-1,-1,-1,-1,-1,-1,-1,-1,-1,-1,-1,-1,-1,-1,-1,-1,-1,-1,-1,-1,,,,,,,,,,,,,,,,,,,,,,,,,,,,,,,,,,,,,,,,,,,
20,25,43,61,62,44,26,-1,7,6,24,42,60,78,79,97,98,80,81,63,45,27,9,8,-1,-1,-1,-1,-1,-1,5,23,41,59,77,95,96,114,115,133,134,116,117,99,100,82,64,46,28,10,-1,-1,-1,-1,-1,-1,-1,-1,-1,-1,-1,-1,-1,-1,-1,-1,-1,-1,-1,-1,-1,-1,-1,-1,-1,-1,-1,-1,-1,-1,-1,-1,-1,-1,-1,-1,-1,-1,-1,-1,-1,-1,-1,-1,-1,-1,-1,-1,-1,-1,-1,-1,-1,-1,-1,-1,-1,-1,,,,,,,,,,,,,,,,,,,,,,,,,,,,,,,,,,,,,,,,,,,
21,27,45,63,64,46,28,-1,9,8,26,44,62,80,81,99,100,82,83,65,47,29,11,10,-1,-1,-1,-1,-1,-1,7,25,43,61,79,97,98,116,117,135,136,118,119,101,102,84,66,48,30,12,-1,-1,-1,-1,-1,-1,-1,-1,-1,-1,-1,-1,-1,-1,-1,-1,-1,-1,-1,-1,-1,-1,-1,-1,-1,-1,-1,-1,-1,-1,-1,-1,-1,-1,-1,-1,-1,-1,-1,-1,-1,-1,-1,-1,-1,-1,-1,-1,-1,-1,-1,-1,-1,-1,-1,-1,-1,-1,,,,,,,,,,,,,,,,,,,,,,,,,,,,,,,,,,,,,,,,,,,
22,29,47,65,66,48,30,-1,11,10,28,46,64,82,83,101,102,84,85,67,49,31,13,12,-1,-1,-1,-1,-1,-1,9,27,45,63,81,99,100,118,119,137,138,120,121,103,104,86,68,50,32,14,-1,-1,-1,-1,-1,-1,-1,-1,-1,-1,-1,-1,-1,-1,-1,-1,-1,-1,-1,-1,-1,-1,-1,-1,-1,-1,-1,-1,-1,-1,-1,-1,-1,-1,-1,-1,-1,-1,-1,-1,-1,-1,-1,-1,-1,-1,-1,-1,-1,-1,-1,-1,-1,-1,-1,-1,-1,-1,,,,,,,,,,,,,,,,,,,,,,,,,,,,,,,,,,,,,,,,,,,
23,31,49,67,68,50,32,-1,13,12,30,48,66,84,85,103,104,86,87,69,51,33,15,14,-1,-1,-1,-1,-1,-1,11,29,47,65,83,101,102,120,121,139,140,122,123,105,106,88,70,52,34,16,-1,-1,-1,-1,-1,-1,-1,-1,-1,-1,-1,-1,-1,-1,-1,-1,-1,-1,-1,-1,-1,-1,-1,-1,-1,-1,-1,-1,-1,-1,-1,-1,-1,-1,-1,-1,-1,-1,-1,-1,-1,-1,-1,-1,-1,-1,-1,-1,-1,-1,-1,-1,-1,-1,-1,-1,-1,-1,,,,,,,,,,,,,,,,,,,,,,,,,,,,,,,,,,,,,,,,,,,
24,33,51,69,70,52,34,-1,15,14,32,50,68,86,87,105,106,88,89,71,53,35,17,16,-1,-1,-1,-1,-1,-1,13,31,49,67,85,103,104,122,123,141,142,124,125,107,-1,-1,-1,-1,-1,-1,-1,-1,-1,-1,-1,-1,-1,-1,-1,-1,-1,-1,-1,-1,-1,-1,-1,-1,-1,-1,-1,-1,-1,-1,-1,-1,-1,-1,-1,-1,-1,-1,-1,-1,-1,-1,-1,-1,-1,-1,-1,-1,-1,-1,-1,-1,-1,-1,-1,-1,-1,-1,-1,-1,-1,-1,-1,-1,,,,,,,,,,,,,,,,,,,,,,,,,,,,,,,,,,,,,,,,,,,
25,36,54,72,73,55,37,0,18,-1,-1,-1,-1,-1,90,108,109,91,92,74,56,38,20,19,1,-1,-1,-1,-1,-1,-1,-1,-1,-1,-1,-1,-1,-1,126,144,145,127,128,110,111,93,75,57,39,21,3,2,-1,-1,-1,-1,-1,-1,-1,-1,-1,-1,-1,-1,-1,-1,-1,-1,-1,-1,-1,-1,-1,-1,-1,-1,-1,-1,-1,-1,-1,-1,-1,-1,-1,-1,-1,-1,-1,-1,-1,-1,-1,-1,-1,-1,-1,-1,-1,-1,-1,-1,-1,-1,-1,-1,-1,-1,,,,,,,,,,,,,,,,,,,,,,,,,,,,,,,,,,,,,,,,,,,
26,38,56,74,75,57,39,2,20,19,37,55,73,91,92,110,111,93,94,76,58,40,22,21,3,-1,-1,-1,1,0,18,36,54,72,90,108,109,127,128,146,147,129,130,112,113,95,77,59,41,23,5,4,-1,-1,-1,-1,-1,-1,-1,-1,-1,-1,-1,-1,-1,-1,-1,-1,-1,-1,-1,-1,-1,-1,-1,-1,-1,-1,-1,-1,-1,-1,-1,-1,-1,-1,-1,-1,-1,-1,-1,-1,-1,-1,-1,-1,-1,-1,-1,-1,-1,-1,-1,-1,-1,-1,-1,-1,,,,,,,,,,,,,,,,,,,,,,,,,,,,,,,,,,,,,,,,,,,
27,40,58,76,77,59,41,4,22,21,39,57,75,93,94,112,113,95,96,78,60,42,24,23,5,-1,-1,-1,3,2,20,38,56,74,92,110,111,129,130,148,149,131,132,114,115,97,79,61,43,25,7,6,-1,-1,-1,-1,-1,-1,-1,-1,-1,-1,-1,-1,-1,-1,-1,-1,-1,-1,-1,-1,-1,-1,-1,-1,-1,-1,-1,-1,-1,-1,-1,-1,-1,-1,-1,-1,-1,-1,-1,-1,-1,-1,-1,-1,-1,-1,-1,-1,-1,-1,-1,-1,-1,-1,-1,-1,,,,,,,,,,,,,,,,,,,,,,,,,,,,,,,,,,,,,,,,,,,
28,42,60,78,79,61,43,6,24,23,1,59,77,95,96,114,115,97,98,80,62,44,26,25,7,-1,-1,-1,5,4,22,40,58,76,94,112,113,131,132,150,151,133,134,116,117,99,81,63,45,27,9,8,-1,-1,-1,-1,-1,-1,-1,-1,-1,-1,-1,-1,-1,-1,-1,-1,-1,-1,-1,-1,-1,-1,-1,-1,-1,-1,-1,-1,-1,-1,-1,-1,-1,-1,-1,-1,-1,-1,-1,-1,-1,-1,-1,-1,-1,-1,-1,-1,-1,-1,-1,-1,-1,-1,-1,-1,,,,,,,,,,,,,,,,,,,,,,,,,,,,,,,,,,,,,,,,,,,
29,44,62,80,81,63,45,8,26,25,43,61,79,97,98,116,117,99,100,82,64,46,28,27,9,-1,-1,-1,7,6,24,42,60,78,96,114,115,133,134,152,153,135,136,118,119,101,83,65,47,29,11,10,-1,-1,-1,-1,-1,-1,-1,-1,-1,-1,-1,-1,-1,-1,-1,-1,-1,-1,-1,-1,-1,-1,-1,-1,-1,-1,-1,-1,-1,-1,-1,-1,-1,-1,-1,-1,-1,-1,-1,-1,-1,-1,-1,-1,-1,-1,-1,-1,-1,-1,-1,-1,-1,-1,-1,-1,,,,,,,,,,,,,,,,,,,,,,,,,,,,,,,,,,,,,,,,,,,
30,46,64,82,83,65,47,10,28,27,45,63,81,99,100,118,119,101,102,84,66,48,30,29,11,-1,-1,-1,9,8,26,44,62,80,98,116,117,135,136,154,155,137,138,120,121,103,85,67,49,31,13,12,-1,-1,-1,-1,-1,-1,-1,-1,-1,-1,-1,-1,-1,-1,-1,-1,-1,-1,-1,-1,-1,-1,-1,-1,-1,-1,-1,-1,-1,-1,-1,-1,-1,-1,-1,-1,-1,-1,-1,-1,-1,-1,-1,-1,-1,-1,-1,-1,-1,-1,-1,-1,-1,-1,-1,-1,,,,,,,,,,,,,,,,,,,,,,,,,,,,,,,,,,,,,,,,,,,
31,48,66,84,85,67,49,12,30,29,47,65,83,101,102,120,121,103,104,86,68,50,32,31,13,-1,-1,-1,11,10,28,46,64,82,100,118,119,137,138,156,157,139,140,122,123,105,87,69,51,33,15,14,-1,-1,-1,-1,-1,-1,-1,-1,-1,-1,-1,-1,-1,-1,-1,-1,-1,-1,-1,-1,-1,-1,-1,-1,-1,-1,-1,-1,-1,-1,-1,-1,-1,-1,-1,-1,-1,-1,-1,-1,-1,-1,-1,-1,-1,-1,-1,-1,-1,-1,-1,-1,-1,-1,-1,-1,,,,,,,,,,,,,,,,,,,,,,,,,,,,,,,,,,,,,,,,,,,
32,50,68,86,87,69,51,14,32,31,49,67,85,103,104,122,123,105,106,88,70,52,34,33,15,-1,-1,-1,13,12,30,48,66,84,102,120,121,139,140,158,159,141,142,124,125,107,89,71,53,35,17,16,-1,-1,-1,-1,-1,-1,-1,-1,-1,-1,-1,-1,-1,-1,-1,-1,-1,-1,-1,-1,-1,-1,-1,-1,-1,-1,-1,-1,-1,-1,-1,-1,-1,-1,-1,-1,-1,-1,-1,-1,-1,-1,-1,-1,-1,-1,-1,-1,-1,-1,-1,-1,-1,-1,-1,-1,,,,,,,,,,,,,,,,,,,,,,,,,,,,,,,,,,,,,,,,,,,
33,52,70,88,89,71,53,16,34,33,51,69,87,105,106,124,125,107,-1,-1,-1,-1,-1,35,17,-1,-1,-1,15,14,32,50,68,86,104,122,123,141,142,160,161,143,-1,-1,-1,-1,-1,-1,-1,-1,-1,-1,-1,-1,-1,-1,-1,-1,-1,-1,-1,-1,-1,-1,-1,-1,-1,-1,-1,-1,-1,-1,-1,-1,-1,-1,-1,-1,-1,-1,-1,-1,-1,-1,-1,-1,-1,-1,-1,-1,-1,-1,-1,-1,-1,-1,-1,-1,-1,-1,-1,-1,-1,-1,-1,-1,-1,-1,,,,,,,,,,,,,,,,,,,,,,,,,,,,,,,,,,,,,,,,,,,
34,55,73,91,92,74,56,19,37,36,54,72,90,108,109,127,128,110,111,93,75,57,39,38,20,-1,1,0,18,-1,-1,-1,-1,-1,-1,-1,126,144,145,163,164,146,147,129,130,112,94,76,58,40,22,21,3,2,-1,-1,-1,-1,-1,-1,-1,-1,-1,-1,-1,-1,-1,-1,-1,-1,-1,-1,-1,-1,-1,-1,-1,-1,-1,-1,-1,-1,-1,-1,-1,-1,-1,-1,-1,-1,-1,-1,-1,-1,-1,-1,-1,-1,-1,-1,-1,-1,-1,-1,-1,-1,-1,-1,,,,,,,,,,,,,,,,,,,,,,,,,,,,,,,,,,,,,,,,,,,
35,57,75,93,94,76,58,21,39,38,56,74,92,110,111,129,130,112,113,95,77,59,41,40,22,-1,3,2,20,19,37,55,73,91,109,127,128,146,147,165,166,148,149,131,132,114,96,78,60,42,24,23,5,4,-1,-1,-1,-1,-1,-1,-1,-1,-1,-1,-1,-1,-1,-1,-1,-1,-1,-1,-1,-1,-1,-1,-1,-1,-1,-1,-1,-1,-1,-1,-1,-1,-1,-1,-1,-1,-1,-1,-1,-1,-1,-1,-1,-1,-1,-1,-1,-1,-1,-1,-1,-1,-1,-1,,,,,,,,,,,,,,,,,,,,,,,,,,,,,,,,,,,,,,,,,,,
36,59,77,95,96,78,60,23,41,40,58,76,94,112,113,131,132,114,115,97,79,61,43,42,24,-1,5,4,22,21,39,57,75,93,111,129,130,148,149,167,168,150,151,133,134,116,98,80,62,44,26,25,7,6,-1,-1,-1,-1,-1,-1,-1,-1,-1,-1,-1,-1,-1,-1,-1,-1,-1,-1,-1,-1,-1,-1,-1,-1,-1,-1,-1,-1,-1,-1,-1,-1,-1,-1,-1,-1,-1,-1,-1,-1,-1,-1,-1,-1,-1,-1,-1,-1,-1,-1,-1,-1,-1,-1,,,,,,,,,,,,,,,,,,,,,,,,,,,,,,,,,,,,,,,,,,,
37,61,79,97,98,80,62,25,43,42,60,78,96,114,115,133,134,116,117,99,81,63,45,44,26,-1,7,6,24,23,41,59,77,95,113,131,132,150,151,169,170,152,153,135,136,118,100,82,64,46,28,27,9,8,-1,-1,-1,-1,-1,-1,-1,-1,-1,-1,-1,-1,-1,-1,-1,-1,-1,-1,-1,-1,-1,-1,-1,-1,-1,-1,-1,-1,-1,-1,-1,-1,-1,-1,-1,-1,-1,-1,-1,-1,-1,-1,-1,-1,-1,-1,-1,-1,-1,-1,-1,-1,-1,-1,,,,,,,,,,,,,,,,,,,,,,,,,,,,,,,,,,,,,,,,,,,
38,63,81,99,100,82,64,27,45,44,62,80,98,116,117,135,136,118,119,101,83,65,47,46,28,-1,9,8,26,25,43,61,79,97,115,133,134,152,153,171,172,154,155,137,138,120,102,84,66,48,30,29,11,10,-1,-1,-1,-1,-1,-1,-1,-1,-1,-1,-1,-1,-1,-1,-1,-1,-1,-1,-1,-1,-1,-1,-1,-1,-1,-1,-1,-1,-1,-1,-1,-1,-1,-1,-1,-1,-1,-1,-1,-1,-1,-1,-1,-1,-1,-1,-1,-1,-1,-1,-1,-1,-1,-1,,,,,,,,,,,,,,,,,,,,,,,,,,,,,,,,,,,,,,,,,,,
39,65,83,101,102,84,66,29,47,46,64,82,100,118,119,137,138,120,121,103,85,67,49,48,30,-1,11,10,28,27,45,63,81,99,117,135,136,154,155,173,174,156,157,139,140,122,104,86,68,50,32,31,13,12,-1,-1,-1,-1,-1,-1,-1,-1,-1,-1,-1,-1,-1,-1,-1,-1,-1,-1,-1,-1,-1,-1,-1,-1,-1,-1,-1,-1,-1,-1,-1,-1,-1,-1,-1,-1,-1,-1,-1,-1,-1,-1,-1,-1,-1,-1,-1,-1,-1,-1,-1,-1,-1,-1,,,,,,,,,,,,,,,,,,,,,,,,,,,,,,,,,,,,,,,,,,,
40,67,85,103,104,86,68,31,49,48,66,84,102,120,121,139,140,122,123,105,87,69,51,50,32,-1,13,12,30,29,47,65,83,101,119,137,138,156,157,175,176,158,159,141,142,124,106,88,70,52,34,33,15,14,-1,-1,-1,-1,-1,-1,-1,-1,-1,-1,-1,-1,-1,-1,-1,-1,-1,-1,-1,-1,-1,-1,-1,-1,-1,-1,-1,-1,-1,-1,-1,-1,-1,-1,-1,-1,-1,-1,-1,-1,-1,-1,-1,-1,-1,-1,-1,-1,-1,-1,-1,-1,-1,-1,,,,,,,,,,,,,,,,,,,,,,,,,,,,,,,,,,,,,,,,,,,
41,69,87,105,106,88,70,33,51,50,68,86,104,122,123,141,142,124,125,107,89,71,53,52,34,-1,15,14,32,31,49,67,85,103,121,139,140,158,159,177,178,160,161,143,-1,-1,-1,-1,-1,-1,-1,35,17,16,-1,-1,-1,-1,-1,-1,-1,-1,-1,-1,-1,-1,-1,-1,-1,-1,-1,-1,-1,-1,-1,-1,-1,-1,-1,-1,-1,-1,-1,-1,-1,-1,-1,-1,-1,-1,-1,-1,-1,-1,-1,-1,-1,-1,-1,-1,-1,-1,-1,-1,-1,-1,-1,-1,,,,,,,,,,,,,,,,,,,,,,,,,,,,,,,,,,,,,,,,,,,
42,72,90,108,109,91,73,36,54,-1,-1,-1,-1,-1,126,144,145,127,128,110,92,74,56,55,37,0,18,-1,-1,-1,-1,-1,-1,-1,-1,-1,-1,-1,162,180,181,163,164,146,147,129,111,93,75,57,39,38,20,19,1,-1,-1,-1,-1,-1,-1,-1,-1,-1,-1,-1,-1,-1,-1,-1,-1,-1,-1,-1,-1,-1,-1,-1,-1,-1,-1,-1,-1,-1,-1,-1,-1,-1,-1,-1,-1,-1,-1,-1,-1,-1,-1,-1,-1,-1,-1,-1,-1,-1,-1,-1,-1,-1,,,,,,,,,,,,,,,,,,,,,,,,,,,,,,,,,,,,,,,,,,,
43,74,92,110,111,93,75,38,56,55,73,91,109,127,128,146,147,129,130,112,94,76,58,57,39,2,20,19,37,36,54,72,90,108,126,144,145,163,164,182,183,165,166,148,149,131,113,95,77,59,41,40,22,21,3,-1,-1,-1,-1,-1,-1,-1,-1,-1,-1,-1,-1,-1,-1,-1,-1,-1,-1,-1,-1,-1,-1,-1,-1,-1,-1,-1,-1,-1,-1,-1,-1,-1,-1,-1,-1,-1,-1,-1,-1,-1,-1,-1,-1,-1,-1,-1,-1,-1,-1,-1,-1,-1,,,,,,,,,,,,,,,,,,,,,,,,,,,,,,,,,,,,,,,,,,,
44,76,94,112,113,95,77,40,58,57,75,93,111,129,130,148,149,131,132,114,96,78,60,59,41,4,22,21,39,38,56,74,92,110,128,146,147,165,166,184,185,167,168,150,151,133,115,97,79,61,43,42,24,23,5,-1,-1,-1,-1,-1,-1,-1,-1,-1,-1,-1,-1,-1,-1,-1,-1,-1,-1,-1,-1,-1,-1,-1,-1,-1,-1,-1,-1,-1,-1,-1,-1,-1,-1,-1,-1,-1,-1,-1,-1,-1,-1,-1,-1,-1,-1,-1,-1,-1,-1,-1,-1,-1,,,,,,,,,,,,,,,,,,,,,,,,,,,,,,,,,,,,,,,,,,,
45,78,96,114,115,97,79,42,60,59,77,95,113,131,132,150,151,133,134,116,98,80,62,61,43,6,24,23,41,40,58,76,94,112,130,148,149,167,168,186,187,169,170,152,153,135,117,99,81,63,45,44,26,25,7,-1,-1,-1,-1,-1,-1,-1,-1,-1,-1,-1,-1,-1,-1,-1,-1,-1,-1,-1,-1,-1,-1,-1,-1,-1,-1,-1,-1,-1,-1,-1,-1,-1,-1,-1,-1,-1,-1,-1,-1,-1,-1,-1,-1,-1,-1,-1,-1,-1,-1,-1,-1,-1,,,,,,,,,,,,,,,,,,,,,,,,,,,,,,,,,,,,,,,,,,,
46,80,98,116,117,99,81,44,62,61,79,97,115,133,134,152,153,135,136,118,100,82,64,63,45,8,26,25,43,42,60,78,96,114,132,150,151,169,170,188,189,171,172,154,155,137,119,101,83,65,47,46,28,27,9,-1,-1,-1,-1,-1,-1,-1,-1,-1,-1,-1,-1,-1,-1,-1,-1,-1,-1,-1,-1,-1,-1,-1,-1,-1,-1,-1,-1,-1,-1,-1,-1,-1,-1,-1,-1,-1,-1,-1,-1,-1,-1,-1,-1,-1,-1,-1,-1,-1,-1,-1,-1,-1,,,,,,,,,,,,,,,,,,,,,,,,,,,,,,,,,,,,,,,,,,,
47,82,100,118,119,101,83,46,64,63,81,99,117,135,136,154,155,137,138,120,102,84,66,65,47,10,28,27,45,44,62,80,98,116,134,152,153,171,172,190,191,173,174,156,157,139,121,103,85,67,49,48,30,29,11,-1,-1,-1,-1,-1,-1,-1,-1,-1,-1,-1,-1,-1,-1,-1,-1,-1,-1,-1,-1,-1,-1,-1,-1,-1,-1,-1,-1,-1,-1,-1,-1,-1,-1,-1,-1,-1,-1,-1,-1,-1,-1,-1,-1,-1,-1,-1,-1,-1,-1,-1,-1,-1,,,,,,,,,,,,,,,,,,,,,,,,,,,,,,,,,,,,,,,,,,,
48,84,102,120,121,103,85,48,66,65,83,101,119,137,138,156,157,139,140,122,104,86,68,67,49,12,30,29,47,46,64,82,100,118,136,154,155,173,174,192,193,175,176,158,159,141,123,105,87,69,51,50,32,31,13,-1,-1,-1,-1,-1,-1,-1,-1,-1,-1,-1,-1,-1,-1,-1,-1,-1,-1,-1,-1,-1,-1,-1,-1,-1,-1,-1,-1,-1,-1,-1,-1,-1,-1,-1,-1,-1,-1,-1,-1,-1,-1,-1,-1,-1,-1,-1,-1,-1,-1,-1,-1,-1,,,,,,,,,,,,,,,,,,,,,,,,,,,,,,,,,,,,,,,,,,,
49,86,104,122,123,105,87,50,68,67,85,103,121,139,140,158,159,141,142,124,106,88,70,69,51,14,32,31,49,48,66,84,102,120,138,156,157,175,176,194,195,177,178,160,161,143,125,107,89,71,53,52,34,33,15,-1,-1,-1,-1,-1,-1,-1,-1,-1,-1,-1,-1,-1,-1,-1,-1,-1,-1,-1,-1,-1,-1,-1,-1,-1,-1,-1,-1,-1,-1,-1,-1,-1,-1,-1,-1,-1,-1,-1,-1,-1,-1,-1,-1,-1,-1,-1,-1,-1,-1,-1,-1,-1,,,,,,,,,,,,,,,,,,,,,,,,,,,,,,,,,,,,,,,,,,,
50,88,106,124,125,107,89,52,70,69,87,105,123,141,142,160,161,143,-1,-1,-1,-1,-1,71,53,16,34,33,51,50,68,86,104,122,140,158,159,177,178,196,197,179,-1,-1,-1,-1,-1,-1,-1,-1,-1,-1,-1,35,17,-1,-1,-1,-1,-1,-1,-1,-1,-1,-1,-1,-1,-1,-1,-1,-1,-1,-1,-1,-1,-1,-1,-1,-1,-1,-1,-1,-1,-1,-1,-1,-1,-1,-1,-1,-1,-1,-1,-1,-1,-1,-1,-1,-1,-1,-1,-1,-1,-1,-1,-1,-1,-1,,,,,,,,,,,,,,,,,,,,,,,,,,,,,,,,,,,,,,,,,,,
51,91,109,127,128,110,92,55,73,72,90,108,126,144,145,163,164,146,147,129,111,93,75,74,56,19,37,36,54,-1,-1,-1,-1,-1,-1,-1,162,180,181,199,200,182,183,165,166,148,130,112,94,76,58,57,39,38,20,-1,-1,-1,-1,-1,-1,-1,-1,-1,-1,-1,-1,-1,-1,-1,-1,-1,-1,-1,-1,-1,-1,-1,-1,-1,-1,-1,-1,-1,-1,-1,-1,-1,-1,-1,-1,-1,-1,-1,-1,-1,-1,-1,-1,-1,-1,-1,-1,-1,-1,-1,-1,-1,,,,,,,,,,,,,,,,,,,,,,,,,,,,,,,,,,,,,,,,,,,
52,93,111,129,130,112,94,57,75,74,92,110,128,146,147,165,166,148,149,131,113,95,77,76,58,21,39,38,56,55,73,91,109,127,145,163,164,182,183,201,202,184,185,167,168,150,132,114,96,78,60,59,41,40,22,-1,-1,-1,-1,-1,-1,-1,-1,-1,-1,-1,-1,-1,-1,-1,-1,-1,-1,-1,-1,-1,-1,-1,-1,-1,-1,-1,-1,-1,-1,-1,-1,-1,-1,-1,-1,-1,-1,-1,-1,-1,-1,-1,-1,-1,-1,-1,-1,-1,-1,-1,-1,-1,,,,,,,,,,,,,,,,,,,,,,,,,,,,,,,,,,,,,,,,,,,
53,95,113,131,132,114,96,59,77,76,94,112,130,148,149,167,168,150,151,133,115,97,79,78,60,23,41,40,58,57,75,93,111,129,147,165,166,184,185,203,204,186,187,169,170,152,134,116,98,80,62,61,43,42,24,-1,-1,-1,-1,-1,-1,-1,-1,-1,-1,-1,-1,-1,-1,-1,-1,-1,-1,-1,-1,-1,-1,-1,-1,-1,-1,-1,-1,-1,-1,-1,-1,-1,-1,-1,-1,-1,-1,-1,-1,-1,-1,-1,-1,-1,-1,-1,-1,-1,-1,-1,-1,-1,,,,,,,,,,,,,,,,,,,,,,,,,,,,,,,,,,,,,,,,,,,
54,97,115,133,134,116,98,61,79,78,96,114,132,150,151,169,170,152,153,135,117,99,81,80,62,25,43,42,60,59,77,95,113,131,149,167,168,186,187,205,206,188,189,171,172,154,136,118,100,82,64,63,45,44,26,-1,-1,-1,-1,-1,-1,-1,-1,-1,-1,-1,-1,-1,-1,-1,-1,-1,-1,-1,-1,-1,-1,-1,-1,-1,-1,-1,-1,-1,-1,-1,-1,-1,-1,-1,-1,-1,-1,-1,-1,-1,-1,-1,-1,-1,-1,-1,-1,-1,-1,-1,-1,-1,,,,,,,,,,,,,,,,,,,,,,,,,,,,,,,,,,,,,,,,,,,
55,99,117,135,136,118,100,63,81,80,98,116,134,152,153,171,172,154,155,137,119,101,83,82,64,27,45,44,62,61,79,97,115,133,151,169,170,188,189,207,208,190,191,173,174,156,138,120,102,84,66,65,47,46,28,-1,-1,-1,-1,-1,-1,-1,-1,-1,-1,-1,-1,-1,-1,-1,-1,-1,-1,-1,-1,-1,-1,-1,-1,-1,-1,-1,-1,-1,-1,-1,-1,-1,-1,-1,-1,-1,-1,-1,-1,-1,-1,-1,-1,-1,-1,-1,-1,-1,-1,-1,-1,-1,,,,,,,,,,,,,,,,,,,,,,,,,,,,,,,,,,,,,,,,,,,
56,101,119,137,138,120,102,65,83,82,100,118,136,154,155,173,174,156,157,139,121,103,85,84,66,29,47,46,64,63,81,99,117,135,153,171,172,190,191,209,210,192,193,175,176,158,140,122,104,86,68,67,49,48,30,-1,-1,-1,-1,-1,-1,-1,-1,-1,-1,-1,-1,-1,-1,-1,-1,-1,-1,-1,-1,-1,-1,-1,-1,-1,-1,-1,-1,-1,-1,-1,-1,-1,-1,-1,-1,-1,-1,-1,-1,-1,-1,-1,-1,-1,-1,-1,-1,-1,-1,-1,-1,-1,,,,,,,,,,,,,,,,,,,,,,,,,,,,,,,,,,,,,,,,,,,
57,103,121,139,140,122,104,67,85,84,102,120,138,156,157,175,176,158,159,141,123,105,87,86,68,31,49,48,66,65,83,101,119,137,155,173,174,192,193,211,212,194,195,177,178,160,142,124,106,88,70,69,51,50,32,-1,-1,-1,-1,-1,-1,-1,-1,-1,-1,-1,-1,-1,-1,-1,-1,-1,-1,-1,-1,-1,-1,-1,-1,-1,-1,-1,-1,-1,-1,-1,-1,-1,-1,-1,-1,-1,-1,-1,-1,-1,-1,-1,-1,-1,-1,-1,-1,-1,-1,-1,-1,-1,,,,,,,,,,,,,,,,,,,,,,,,,,,,,,,,,,,,,,,,,,,
58,105,123,141,142,124,106,69,87,86,104,122,140,158,159,177,178,160,161,143,125,107,89,88,70,33,51,50,68,67,85,103,121,139,157,175,176,194,195,213,214,196,197,179,-1,-1,-1,-1,-1,-1,-1,71,53,52,34,-1,-1,-1,-1,-1,-1,-1,-1,-1,-1,-1,-1,-1,-1,-1,-1,-1,-1,-1,-1,-1,-1,-1,-1,-1,-1,-1,-1,-1,-1,-1,-1,-1,-1,-1,-1,-1,-1,-1,-1,-1,-1,-1,-1,-1,-1,-1,-1,-1,-1,-1,-1,-1,,,,,,,,,,,,,,,,,,,,,,,,,,,,,,,,,,,,,,,,,,,
59,108,126,144,145,127,109,72,90,-1,-1,-1,-1,-1,162,180,181,163,164,146,128,110,92,91,73,36,54,-1,-1,-1,-1,-1,-1,-1,-1,-1,-1,-1,198,216,217,199,200,182,183,165,147,129,111,93,75,74,56,55,37,-1,-1,-1,-1,-1,-1,-1,-1,-1,-1,-1,-1,-1,-1,-1,-1,-1,-1,-1,-1,-1,-1,-1,-1,-1,-1,-1,-1,-1,-1,-1,-1,-1,-1,-1,-1,-1,-1,-1,-1,-1,-1,-1,-1,-1,-1,-1,-1,-1,-1,-1,-1,-1,,,,,,,,,,,,,,,,,,,,,,,,,,,,,,,,,,,,,,,,,,,
60,110,128,146,147,129,111,74,92,91,109,127,145,163,164,182,183,165,166,148,130,112,94,93,75,38,56,55,73,72,90,108,126,144,162,180,181,199,200,218,219,201,202,184,185,167,149,131,113,95,77,76,58,57,39,-1,-1,-1,-1,-1,-1,-1,-1,-1,-1,-1,-1,-1,-1,-1,-1,-1,-1,-1,-1,-1,-1,-1,-1,-1,-1,-1,-1,-1,-1,-1,-1,-1,-1,-1,-1,-1,-1,-1,-1,-1,-1,-1,-1,-1,-1,-1,-1,-1,-1,-1,-1,-1,,,,,,,,,,,,,,,,,,,,,,,,,,,,,,,,,,,,,,,,,,,
61,112,130,148,149,131,113,76,94,93,111,129,147,165,166,184,185,167,168,150,132,114,96,95,77,40,58,57,75,74,92,110,128,146,164,182,183,201,202,220,221,203,204,186,187,169,151,133,115,97,79,78,60,59,41,4,22,21,39,38,56,55,73,91,109,127,145,163,181,199,200,218,219,237,238,256,257,239,240,222,223,205,206,188,170,152,134,116,98,80,62,61,43,42,24,23,5,-1,-1,-1,3,2,20,19,37,36,54,72,90,108,126,144,162,180,198,216,217,235,236,254,255,273,274,-1,-1,275,276,258,259,241,242,224,225,207,189,171,153,135,117,99,81,63,45,44,26,25,7,6,-1,-1,-1
62,114,132,150,151,133,115,78,96,95,113,131,149,167,168,186,187,169,170,152,134,116,98,97,79,42,60,59,77,76,94,112,130,148,166,184,185,203,204,222,223,205,206,188,189,171,153,135,117,99,81,80,62,61,43,-1,-1,-1,-1,-1,-1,-1,-1,-1,-1,-1,-1,-1,-1,-1,-1,-1,-1,-1,-1,-1,-1,-1,-1,-1,-1,-1,-1,-1,-1,-1,-1,-1,-1,-1,-1,-1,-1,-1,-1,-1,-1,-1,-1,-1,-1,-1,-1,-1,-1,-1,-1,-1,,,,,,,,,,,,,,,,,,,,,,,,,,,,,,,,,,,,,,,,,,,
63,116,134,152,153,135,117,80,98,97,115,133,151,169,170,188,189,171,172,154,136,118,100,99,81,44,62,61,79,78,96,114,132,150,168,186,187,205,206,224,225,207,208,190,191,173,155,137,119,101,83,82,64,63,45,-1,-1,-1,-1,-1,-1,-1,-1,-1,-1,-1,-1,-1,-1,-1,-1,-1,-1,-1,-1,-1,-1,-1,-1,-1,-1,-1,-1,-1,-1,-1,-1,-1,-1,-1,-1,-1,-1,-1,-1,-1,-1,-1,-1,-1,-1,-1,-1,-1,-1,-1,-1,-1,,,,,,,,,,,,,,,,,,,,,,,,,,,,,,,,,,,,,,,,,,,
64,118,136,154,155,137,119,82,100,99,117,135,153,171,172,190,191,173,174,156,138,120,102,101,83,46,64,63,81,80,98,116,134,152,170,188,189,207,208,226,227,209,210,192,193,175,157,139,121,103,85,84,66,65,47,-1,-1,-1,-1,-1,-1,-1,-1,-1,-1,-1,-1,-1,-1,-1,-1,-1,-1,-1,-1,-1,-1,-1,-1,-1,-1,-1,-1,-1,-1,-1,-1,-1,-1,-1,-1,-1,-1,-1,-1,-1,-1,-1,-1,-1,-1,-1,-1,-1,-1,-1,-1,-1,,,,,,,,,,,,,,,,,,,,,,,,,,,,,,,,,,,,,,,,,,,
65,120,138,156,157,139,121,84,102,101,119,137,155,173,174,192,193,175,176,158,140,122,104,103,85,48,66,65,83,82,100,118,136,154,172,190,191,209,210,228,229,211,212,194,195,177,159,141,123,105,87,86,68,67,49,12,30,29,47,46,64,63,81,99,117,135,153,171,189,207,208,226,227,245,246,264,265,247,248,230,231,213,214,196,178,160,142,124,106,88,70,69,51,50,32,31,13,-1,-1,-1,11,10,28,27,45,44,62,80,98,116,134,152,170,188,206,224,225,243,244,262,263,281,282,-1,-1,283,284,266,267,249,250,232,233,215,197,179,161,143,125,107,89,71,53,52,34,33,15,14,-1,-1,-1
66,122,140,158,159,141,123,86,104,103,121,139,157,175,176,194,195,177,178,160,142,124,106,105,87,50,68,67,85,84,102,120,138,156,174,192,193,211,212,230,231,213,214,196,197,179,161,143,125,107,89,88,70,69,51,-1,-1,-1,-1,-1,-1,-1,-1,-1,-1,-1,-1,-1,-1,-1,-1,-1,-1,-1,-1,-1,-1,-1,-1,-1,-1,-1,-1,-1,-1,-1,-1,-1,-1,-1,-1,-1,-1,-1,-1,-1,-1,-1,-1,-1,-1,-1,-1,-1,-1,-1,-1,-1,,,,,,,,,,,,,,,,,,,,,,,,,,,,,,,,,,,,,,,,,,,
67,124,142,160,161,143,125,88,106,105,123,141,159,177,178,196,197,179,-1,-1,-1,-1,-1,107,89,52,70,69,87,86,104,122,140,158,176,194,195,213,214,232,233,215,-1,-1,-1,-1,-1,-1,-1,-1,-1,-1,-1,71,53,-1,-1,-1,-1,-1,-1,-1,-1,-1,-1,-1,-1,-1,-1,-1,-1,-1,-1,-1,-1,-1,-1,-1,-1,-1,-1,-1,-1,-1,-1,-1,-1,-1,-1,-1,-1,-1,-1,-1,-1,-1,-1,-1,-1,-1,-1,-1,-1,-1,-1,-1,-1,-1,,,,,,,,,,,,,,,,,,,,,,,,,,,,,,,,,,,,,,,,,,,
68,127,145,163,164,146,128,91,109,108,126,144,162,180,181,199,200,182,183,165,147,129,111,110,92,55,73,72,90,-1,-1,-1,-1,-1,-1,-1,198,216,217,235,236,218,219,201,202,184,166,148,130,112,94,93,75,74,56,-1,-1,-1,-1,-1,-1,-1,-1,-1,-1,-1,-1,-1,-1,-1,-1,-1,-1,-1,-1,-1,-1,-1,-1,-1,-1,-1,-1,-1,-1,-1,-1,-1,-1,-1,-1,-1,-1,-1,-1,-1,-1,-1,-1,-1,-1,-1,-1,-1,-1,-1,-1,-1,,,,,,,,,,,,,,,,,,,,,,,,,,,,,,,,,,,,,,,,,,,
69,129,147,165,166,148,130,93,111,110,128,146,164,182,183,201,202,184,185,167,149,131,113,112,94,57,75,74,92,91,109,127,145,163,181,199,200,218,219,237,238,220,221,203,204,186,168,150,132,114,96,95,77,76,58,-1,-1,-1,-1,-1,-1,-1,-1,-1,-1,-1,-1,-1,-1,-1,-1,-1,-1,-1,-1,-1,-1,-1,-1,-1,-1,-1,-1,-1,-1,-1,-1,-1,-1,-1,-1,-1,-1,-1,-1,-1,-1,-1,-1,-1,-1,-1,-1,-1,-1,-1,-1,-1,,,,,,,,,,,,,,,,,,,,,,,,,,,,,,,,,,,,,,,,,,,
70,131,149,167,168,150,132,95,113,112,130,148,166,184,185,203,204,186,187,169,151,133,115,114,96,59,77,76,94,93,111,129,147,165,183,201,202,220,221,239,240,222,223,205,206,188,170,152,134,116,98,97,79,78,60,-1,-1,-1,-1,-1,-1,-1,-1,-1,-1,-1,-1,-1,-1,-1,-1,-1,-1,-1,-1,-1,-1,-1,-1,-1,-1,-1,-1,-1,-1,-1,-1,-1,-1,-1,-1,-1,-1,-1,-1,-1,-1,-1,-1,-1,-1,-1,-1,-1,-1,-1,-1,-1,,,,,,,,,,,,,,,,,,,,,,,,,,,,,,,,,,,,,,,,,,,
71,133,151,169,170,152,134,97,115,114,132,150,168,186,187,205,206,188,189,171,153,135,117,116,98,61,79,78,96,95,113,131,149,167,185,203,204,222,223,241,242,224,225,207,208,190,172,154,136,118,100,99,81,80,62,-1,-1,-1,-1,-1,-1,-1,-1,-1,-1,-1,-1,-1,-1,-1,-1,-1,-1,-1,-1,-1,-1,-1,-1,-1,-1,-1,-1,-1,-1,-1,-1,-1,-1,-1,-1,-1,-1,-1,-1,-1,-1,-1,-1,-1,-1,-1,-1,-1,-1,-1,-1,-1,,,,,,,,,,,,,,,,,,,,,,,,,,,,,,,,,,,,,,,,,,,
72,135,153,171,172,154,136,99,117,116,134,152,170,188,189,207,208,190,191,173,155,137,119,118,100,63,81,80,98,97,115,133,151,169,187,205,206,224,225,243,244,226,227,209,210,192,174,156,138,120,102,101,83,82,64,-1,-1,-1,-1,-1,-1,-1,-1,-1,-1,-1,-1,-1,-1,-1,-1,-1,-1,-1,-1,-1,-1,-1,-1,-1,-1,-1,-1,-1,-1,-1,-1,-1,-1,-1,-1,-1,-1,-1,-1,-1,-1,-1,-1,-1,-1,-1,-1,-1,-1,-1,-1,-1,,,,,,,,,,,,,,,,,,,,,,,,,,,,,,,,,,,,,,,,,,,
73,137,155,173,174,156,138,101,119,118,136,154,172,190,191,209,210,192,193,175,157,139,121,120,102,65,83,82,100,99,117,135,153,171,189,207,208,226,227,245,246,228,229,211,212,194,176,158,140,122,104,103,85,84,66,-1,-1,-1,-1,-1,-1,-1,-1,-1,-1,-1,-1,-1,-1,-1,-1,-1,-1,-1,-1,-1,-1,-1,-1,-1,-1,-1,-1,-1,-1,-1,-1,-1,-1,-1,-1,-1,-1,-1,-1,-1,-1,-1,-1,-1,-1,-1,-1,-1,-1,-1,-1,-1,,,,,,,,,,,,,,,,,,,,,,,,,,,,,,,,,,,,,,,,,,,
74,139,157,175,176,158,140,103,121,120,138,156,174,192,193,211,212,194,195,177,159,141,123,122,104,67,85,84,102,101,119,137,155,173,191,209,210,228,229,247,248,230,231,213,214,196,178,160,142,124,106,105,87,86,68,-1,-1,-1,-1,-1,-1,-1,-1,-1,-1,-1,-1,-1,-1,-1,-1,-1,-1,-1,-1,-1,-1,-1,-1,-1,-1,-1,-1,-1,-1,-1,-1,-1,-1,-1,-1,-1,-1,-1,-1,-1,-1,-1,-1,-1,-1,-1,-1,-1,-1,-1,-1,-1,,,,,,,,,,,,,,,,,,,,,,,,,,,,,,,,,,,,,,,,,,,
75,141,159,177,178,160,142,105,123,122,140,158,176,194,195,213,214,196,197,179,161,143,125,124,106,69,87,86,104,103,121,139,157,175,193,211,212,230,231,249,250,232,233,215,-1,-1,-1,-1,-1,-1,-1,107,89,88,70,-1,-1,-1,-1,-1,-1,-1,-1,-1,-1,-1,-1,-1,-1,-1,-1,-1,-1,-1,-1,-1,-1,-1,-1,-1,-1,-1,-1,-1,-1,-1,-1,-1,-1,-1,-1,-1,-1,-1,-1,-1,-1,-1,-1,-1,-1,-1,-1,-1,-1,-1,-1,-1,,,,,,,,,,,,,,,,,,,,,,,,,,,,,,,,,,,,,,,,,,,
76,144,162,180,181,163,145,108,126,-1,-1,-1,-1,-1,198,216,217,199,200,182,164,146,128,127,109,72,90,-1,-1,-1,-1,-1,-1,-1,-1,-1,-1,-1,234,252,253,235,236,218,219,201,183,165,147,129,111,110,92,91,73,-1,-1,-1,-1,-1,-1,-1,-1,-1,-1,-1,-1,-1,-1,-1,-1,-1,-1,-1,-1,-1,-1,-1,-1,-1,-1,-1,-1,-1,-1,-1,-1,-1,-1,-1,-1,-1,-1,-1,-1,-1,-1,-1,-1,-1,-1,-1,-1,-1,-1,-1,-1,-1,,,,,,,,,,,,,,,,,,,,,,,,,,,,,,,,,,,,,,,,,,,
77,146,164,182,183,165,147,110,128,127,145,163,181,199,200,218,219,201,202,184,166,148,130,129,111,74,92,91,109,108,126,144,162,180,198,216,217,235,236,254,255,237,238,220,221,203,185,167,149,131,113,112,94,93,75,-1,-1,-1,-1,-1,-1,-1,-1,-1,-1,-1,-1,-1,-1,-1,-1,-1,-1,-1,-1,-1,-1,-1,-1,-1,-1,-1,-1,-1,-1,-1,-1,-1,-1,-1,-1,-1,-1,-1,-1,-1,-1,-1,-1,-1,-1,-1,-1,-1,-1,-1,-1,-1,,,,,,,,,,,,,,,,,,,,,,,,,,,,,,,,,,,,,,,,,,,
78,148,166,184,185,167,149,112,130,129,147,165,183,201,202,220,221,203,204,186,168,150,132,131,113,76,94,93,111,110,128,146,164,182,200,218,219,237,238,256,257,239,240,222,223,205,187,169,151,133,115,114,96,95,77,-1,-1,-1,-1,-1,-1,-1,-1,-1,-1,-1,-1,-1,-1,-1,-1,-1,-1,-1,-1,-1,-1,-1,-1,-1,-1,-1,-1,-1,-1,-1,-1,-1,-1,-1,-1,-1,-1,-1,-1,-1,-1,-1,-1,-1,-1,-1,-1,-1,-1,-1,-1,-1,,,,,,,,,,,,,,,,,,,,,,,,,,,,,,,,,,,,,,,,,,,
79,150,168,186,187,169,151,114,132,131,149,167,185,203,204,222,223,205,206,188,170,152,134,133,115,78,96,95,113,112,130,148,166,184,202,220,221,239,240,258,259,241,242,224,225,207,189,171,153,135,117,116,98,97,79,-1,-1,-1,-1,-1,-1,-1,-1,-1,-1,-1,-1,-1,-1,-1,-1,-1,-1,-1,-1,-1,-1,-1,-1,-1,-1,-1,-1,-1,-1,-1,-1,-1,-1,-1,-1,-1,-1,-1,-1,-1,-1,-1,-1,-1,-1,-1,-1,-1,-1,-1,-1,-1,,,,,,,,,,,,,,,,,,,,,,,,,,,,,,,,,,,,,,,,,,,
80,152,170,188,189,171,153,116,134,133,151,169,187,205,206,224,225,207,208,190,172,154,136,135,117,80,98,97,115,114,132,150,168,186,204,222,223,241,242,260,261,243,244,226,227,209,191,173,155,137,119,118,100,99,81,-1,-1,-1,-1,-1,-1,-1,-1,-1,-1,-1,-1,-1,-1,-1,-1,-1,-1,-1,-1,-1,-1,-1,-1,-1,-1,-1,-1,-1,-1,-1,-1,-1,-1,-1,-1,-1,-1,-1,-1,-1,-1,-1,-1,-1,-1,-1,-1,-1,-1,-1,-1,-1,,,,,,,,,,,,,,,,,,,,,,,,,,,,,,,,,,,,,,,,,,,
81,154,172,190,191,173,155,118,136,135,153,171,189,207,208,226,227,209,210,192,174,156,138,137,119,82,100,99,117,116,134,152,170,188,206,224,225,243,244,262,263,245,246,228,229,211,193,175,157,139,121,120,102,101,83,-1,-1,-1,-1,-1,-1,-1,-1,-1,-1,-1,-1,-1,-1,-1,-1,-1,-1,-1,-1,-1,-1,-1,-1,-1,-1,-1,-1,-1,-1,-1,-1,-1,-1,-1,-1,-1,-1,-1,-1,-1,-1,-1,-1,-1,-1,-1,-1,-1,-1,-1,-1,-1,,,,,,,,,,,,,,,,,,,,,,,,,,,,,,,,,,,,,,,,,,,
82,156,174,192,193,175,157,120,138,137,155,173,191,209,210,228,229,211,212,194,176,158,140,139,121,84,102,101,119,118,136,154,172,190,208,226,227,245,246,264,265,247,248,230,231,213,195,177,159,141,123,122,104,103,85,-1,-1,-1,-1,-1,-1,-1,-1,-1,-1,-1,-1,-1,-1,-1,-1,-1,-1,-1,-1,-1,-1,-1,-1,-1,-1,-1,-1,-1,-1,-1,-1,-1,-1,-1,-1,-1,-1,-1,-1,-1,-1,-1,-1,-1,-1,-1,-1,-1,-1,-1,-1,-1,,,,,,,,,,,,,,,,,,,,,,,,,,,,,,,,,,,,,,,,,,,
83,158,176,194,195,177,159,122,140,139,157,175,193,211,212,230,231,213,214,196,178,160,142,141,123,86,104,103,121,120,138,156,174,192,210,228,229,247,248,266,267,249,250,232,233,215,197,179,161,143,125,124,106,105,87,-1,-1,-1,-1,-1,-1,-1,-1,-1,-1,-1,-1,-1,-1,-1,-1,-1,-1,-1,-1,-1,-1,-1,-1,-1,-1,-1,-1,-1,-1,-1,-1,-1,-1,-1,-1,-1,-1,-1,-1,-1,-1,-1,-1,-1,-1,-1,-1,-1,-1,-1,-1,-1,,,,,,,,,,,,,,,,,,,,,,,,,,,,,,,,,,,,,,,,,,,
84,160,178,196,197,179,161,124,142,141,159,177,195,213,214,232,233,215,-1,-1,-1,-1,-1,143,125,88,106,105,123,122,140,158,176,194,212,230,231,249,250,268,269,251,-1,-1,-1,-1,-1,-1,-1,-1,-1,-1,-1,107,89,-1,-1,-1,-1,-1,-1,-1,-1,-1,-1,-1,-1,-1,-1,-1,-1,-1,-1,-1,-1,-1,-1,-1,-1,-1,-1,-1,-1,-1,-1,-1,-1,-1,-1,-1,-1,-1,-1,-1,-1,-1,-1,-1,-1,-1,-1,-1,-1,-1,-1,-1,-1,-1,,,,,,,,,,,,,,,,,,,,,,,,,,,,,,,,,,,,,,,,,,,
85,163,181,199,200,182,164,127,145,144,162,180,198,216,217,235,236,218,219,201,183,165,147,146,128,91,109,108,126,-1,-1,-1,-1,-1,-1,-1,234,252,253,271,272,254,255,237,238,220,202,184,166,148,130,129,111,110,92,-1,-1,-1,-1,-1,-1,-1,-1,-1,-1,-1,-1,-1,-1,-1,-1,-1,-1,-1,-1,-1,-1,-1,-1,-1,-1,-1,-1,-1,-1,-1,-1,-1,-1,-1,-1,-1,-1,-1,-1,-1,-1,-1,-1,-1,-1,-1,-1,-1,-1,-1,-1,-1,,,,,,,,,,,,,,,,,,,,,,,,,,,,,,,,,,,,,,,,,,,
86,165,183,201,202,184,166,129,147,146,164,182,200,218,219,237,238,220,221,203,185,167,149,148,130,93,111,110,128,127,145,163,181,199,217,235,236,254,255,273,274,256,257,239,240,222,204,186,168,150,132,131,113,112,94,-1,-1,-1,-1,-1,-1,-1,-1,-1,-1,-1,-1,-1,-1,-1,-1,-1,-1,-1,-1,-1,-1,-1,-1,-1,-1,-1,-1,-1,-1,-1,-1,-1,-1,-1,-1,-1,-1,-1,-1,-1,-1,-1,-1,-1,-1,-1,-1,-1,-1,-1,-1,-1,,,,,,,,,,,,,,,,,,,,,,,,,,,,,,,,,,,,,,,,,,,
87,167,185,203,204,186,168,131,149,148,166,184,202,220,221,239,240,222,223,205,187,169,151,150,132,95,113,112,130,129,147,165,183,201,219,237,238,256,257,275,276,258,259,241,242,224,206,188,170,152,134,133,115,114,96,-1,-1,-1,-1,-1,-1,-1,-1,-1,-1,-1,-1,-1,-1,-1,-1,-1,-1,-1,-1,-1,-1,-1,-1,-1,-1,-1,-1,-1,-1,-1,-1,-1,-1,-1,-1,-1,-1,-1,-1,-1,-1,-1,-1,-1,-1,-1,-1,-1,-1,-1,-1,-1,,,,,,,,,,,,,,,,,,,,,,,,,,,,,,,,,,,,,,,,,,,
88,169,187,205,206,188,170,133,151,150,168,186,204,222,223,241,242,224,225,207,189,171,153,152,134,97,115,114,132,131,149,167,185,203,221,239,240,258,259,277,278,260,261,243,244,226,208,190,172,154,136,135,117,116,98,-1,-1,-1,-1,-1,-1,-1,-1,-1,-1,-1,-1,-1,-1,-1,-1,-1,-1,-1,-1,-1,-1,-1,-1,-1,-1,-1,-1,-1,-1,-1,-1,-1,-1,-1,-1,-1,-1,-1,-1,-1,-1,-1,-1,-1,-1,-1,-1,-1,-1,-1,-1,-1,,,,,,,,,,,,,,,,,,,,,,,,,,,,,,,,,,,,,,,,,,,
89,171,189,207,208,190,172,135,153,152,170,188,206,224,225,243,244,226,227,209,191,173,155,154,136,99,117,116,134,133,151,169,187,205,223,241,242,260,261,279,280,262,263,245,246,228,210,192,174,156,138,137,119,118,100,-1,-1,-1,-1,-1,-1,-1,-1,-1,-1,-1,-1,-1,-1,-1,-1,-1,-1,-1,-1,-1,-1,-1,-1,-1,-1,-1,-1,-1,-1,-1,-1,-1,-1,-1,-1,-1,-1,-1,-1,-1,-1,-1,-1,-1,-1,-1,-1,-1,-1,-1,-1,-1,,,,,,,,,,,,,,,,,,,,,,,,,,,,,,,,,,,,,,,,,,,
90,173,191,209,210,192,174,137,155,154,172,190,208,226,227,245,246,228,229,211,193,175,157,156,138,101,119,118,136,135,153,171,189,207,225,243,244,262,263,281,282,264,265,247,248,230,212,194,176,158,140,139,121,120,102,-1,-1,-1,-1,-1,-1,-1,-1,-1,-1,-1,-1,-1,-1,-1,-1,-1,-1,-1,-1,-1,-1,-1,-1,-1,-1,-1,-1,-1,-1,-1,-1,-1,-1,-1,-1,-1,-1,-1,-1,-1,-1,-1,-1,-1,-1,-1,-1,-1,-1,-1,-1,-1,,,,,,,,,,,,,,,,,,,,,,,,,,,,,,,,,,,,,,,,,,,
91,175,193,211,212,194,176,139,157,156,174,192,210,228,229,247,248,230,231,213,195,177,159,158,140,103,121,120,138,137,155,173,191,209,227,245,246,264,265,283,284,266,267,249,250,232,214,196,178,160,142,141,123,122,104,-1,-1,-1,-1,-1,-1,-1,-1,-1,-1,-1,-1,-1,-1,-1,-1,-1,-1,-1,-1,-1,-1,-1,-1,-1,-1,-1,-1,-1,-1,-1,-1,-1,-1,-1,-1,-1,-1,-1,-1,-1,-1,-1,-1,-1,-1,-1,-1,-1,-1,-1,-1,-1,,,,,,,,,,,,,,,,,,,,,,,,,,,,,,,,,,,,,,,,,,,
92,177,195,213,214,196,178,141,159,158,176,194,212,230,231,249,250,232,233,215,197,179,161,160,142,105,123,122,140,139,157,175,193,211,229,247,248,266,267,285,286,268,269,251,-1,-1,-1,-1,-1,-1,-1,143,125,124,106,-1,-1,-1,-1,-1,-1,-1,-1,-1,-1,-1,-1,-1,-1,-1,-1,-1,-1,-1,-1,-1,-1,-1,-1,-1,-1,-1,-1,-1,-1,-1,-1,-1,-1,-1,-1,-1,-1,-1,-1,-1,-1,-1,-1,-1,-1,-1,-1,-1,-1,-1,-1,-1,,,,,,,,,,,,,,,,,,,,,,,,,,,,,,,,,,,,,,,,,,,
93,180,198,216,217,199,181,144,162,-1,-1,-1,-1,-1,234,252,253,235,236,218,200,182,164,163,145,108,126,-1,-1,-1,-1,-1,-1,-1,-1,-1,-1,-1,270,-1,-1,271,272,254,255,237,219,201,183,165,147,146,128,127,109,-1,-1,-1,-1,-1,-1,-1,-1,-1,-1,-1,-1,-1,-1,-1,-1,-1,-1,-1,-1,-1,-1,-1,-1,-1,-1,-1,-1,-1,-1,-1,-1,-1,-1,-1,-1,-1,-1,-1,-1,-1,-1,-1,-1,-1,-1,-1,-1,-1,-1,-1,-1,-1,,,,,,,,,,,,,,,,,,,,,,,,,,,,,,,,,,,,,,,,,,,
94,182,200,218,219,201,183,146,164,163,181,199,217,235,236,254,255,237,238,220,202,184,166,165,147,110,128,127,145,144,162,180,198,216,234,252,253,271,272,-1,-1,273,274,256,257,239,221,203,185,167,149,148,130,129,111,-1,-1,-1,-1,-1,-1,-1,-1,-1,-1,-1,-1,-1,-1,-1,-1,-1,-1,-1,-1,-1,-1,-1,-1,-1,-1,-1,-1,-1,-1,-1,-1,-1,-1,-1,-1,-1,-1,-1,-1,-1,-1,-1,-1,-1,-1,-1,-1,-1,-1,-1,-1,-1,,,,,,,,,,,,,,,,,,,,,,,,,,,,,,,,,,,,,,,,,,,
95,184,202,220,221,203,185,148,166,165,183,201,219,237,238,256,257,239,240,222,204,186,168,167,149,112,130,129,147,146,164,182,200,218,236,254,255,273,274,-1,-1,275,276,258,259,241,223,205,187,169,151,150,132,131,113,-1,-1,-1,-1,-1,-1,-1,-1,-1,-1,-1,-1,-1,-1,-1,-1,-1,-1,-1,-1,-1,-1,-1,-1,-1,-1,-1,-1,-1,-1,-1,-1,-1,-1,-1,-1,-1,-1,-1,-1,-1,-1,-1,-1,-1,-1,-1,-1,-1,-1,-1,-1,-1,,,,,,,,,,,,,,,,,,,,,,,,,,,,,,,,,,,,,,,,,,,
96,186,204,222,223,205,187,150,168,167,185,203,221,239,240,258,259,241,242,224,206,188,170,169,151,114,132,131,149,148,166,184,202,220,238,256,257,275,276,-1,-1,277,278,260,261,243,225,207,189,171,153,152,134,133,115,-1,-1,-1,-1,-1,-1,-1,-1,-1,-1,-1,-1,-1,-1,-1,-1,-1,-1,-1,-1,-1,-1,-1,-1,-1,-1,-1,-1,-1,-1,-1,-1,-1,-1,-1,-1,-1,-1,-1,-1,-1,-1,-1,-1,-1,-1,-1,-1,-1,-1,-1,-1,-1,,,,,,,,,,,,,,,,,,,,,,,,,,,,,,,,,,,,,,,,,,,
97,188,206,224,225,207,189,152,170,169,187,205,223,241,242,260,261,243,244,226,208,190,172,171,153,116,134,133,151,150,168,186,204,222,240,258,259,277,278,-1,-1,279,280,262,263,245,227,209,191,173,155,154,136,135,117,-1,-1,-1,-1,-1,-1,-1,-1,-1,-1,-1,-1,-1,-1,-1,-1,-1,-1,-1,-1,-1,-1,-1,-1,-1,-1,-1,-1,-1,-1,-1,-1,-1,-1,-1,-1,-1,-1,-1,-1,-1,-1,-1,-1,-1,-1,-1,-1,-1,-1,-1,-1,-1,,,,,,,,,,,,,,,,,,,,,,,,,,,,,,,,,,,,,,,,,,,
98,190,208,226,227,209,191,154,172,171,189,207,225,243,244,262,263,245,246,228,210,192,174,173,155,118,136,135,153,152,170,188,206,224,242,260,261,279,280,-1,-1,281,282,264,265,247,229,211,193,175,157,156,138,137,119,-1,-1,-1,-1,-1,-1,-1,-1,-1,-1,-1,-1,-1,-1,-1,-1,-1,-1,-1,-1,-1,-1,-1,-1,-1,-1,-1,-1,-1,-1,-1,-1,-1,-1,-1,-1,-1,-1,-1,-1,-1,-1,-1,-1,-1,-1,-1,-1,-1,-1,-1,-1,-1,,,,,,,,,,,,,,,,,,,,,,,,,,,,,,,,,,,,,,,,,,,
99,192,210,228,229,211,193,156,174,173,191,209,227,245,246,264,265,247,248,230,212,194,176,175,157,120,138,137,155,154,172,190,208,226,244,262,263,281,282,-1,-1,283,284,266,267,249,231,213,195,177,159,158,140,139,121,-1,-1,-1,-1,-1,-1,-1,-1,-1,-1,-1,-1,-1,-1,-1,-1,-1,-1,-1,-1,-1,-1,-1,-1,-1,-1,-1,-1,-1,-1,-1,-1,-1,-1,-1,-1,-1,-1,-1,-1,-1,-1,-1,-1,-1,-1,-1,-1,-1,-1,-1,-1,-1,,,,,,,,,,,,,,,,,,,,,,,,,,,,,,,,,,,,,,,,,,,
100,194,212,230,231,213,195,158,176,175,193,211,229,247,248,266,267,249,250,232,214,196,178,177,159,122,140,139,157,156,174,192,210,228,246,264,265,283,284,-1,-1,285,286,268,269,251,233,215,197,179,161,160,142,141,123,-1,-1,-1,-1,-1,-1,-1,-1,-1,-1,-1,-1,-1,-1,-1,-1,-1,-1,-1,-1,-1,-1,-1,-1,-1,-1,-1,-1,-1,-1,-1,-1,-1,-1,-1,-1,-1,-1,-1,-1,-1,-1,-1,-1,-1,-1,-1,-1,-1,-1,-1,-1,-1,,,,,,,,,,,,,,,,,,,,,,,,,,,,,,,,,,,,,,,,,,,
101,196,214,232,233,215,197,160,178,177,195,213,231,249,250,268,269,251,-1,-1,-1,-1,-1,179,161,124,142,141,159,158,176,194,212,230,248,266,267,285,286,-1,-1,287,-1,-1,-1,-1,-1,-1,-1,-1,-1,-1,-1,143,125,-1,-1,-1,-1,-1,-1,-1,-1,-1,-1,-1,-1,-1,-1,-1,-1,-1,-1,-1,-1,-1,-1,-1,-1,-1,-1,-1,-1,-1,-1,-1,-1,-1,-1,-1,-1,-1,-1,-1,-1,-1,-1,-1,-1,-1,-1,-1,-1,-1,-1,-1,-1,-1,,,,,,,,,,,,,,,,,,,,,,,,,,,,,,,,,,,,,,,,,,,
102,199,217,235,236,218,200,163,181,180,198,216,234,252,253,271,272,254,255,237,219,201,183,182,164,127,145,144,162,-1,-1,-1,-1,-1,-1,-1,270,-1,-1,-1,-1,-1,-1,273,274,256,238,220,202,184,166,165,147,146,128,-1,-1,-1,-1,-1,-1,-1,-1,-1,-1,-1,-1,-1,-1,-1,-1,-1,-1,-1,-1,-1,-1,-1,-1,-1,-1,-1,-1,-1,-1,-1,-1,-1,-1,-1,-1,-1,-1,-1,-1,-1,-1,-1,-1,-1,-1,-1,-1,-1,-1,-1,-1,-1,,,,,,,,,,,,,,,,,,,,,,,,,,,,,,,,,,,,,,,,,,,
103,201,219,237,238,220,202,165,183,182,200,218,236,254,255,273,274,256,257,239,221,203,185,184,166,129,147,146,164,163,181,199,217,235,253,271,272,-1,-1,-1,-1,-1,-1,275,276,258,240,222,204,186,168,167,149,148,130,-1,-1,-1,-1,-1,-1,-1,-1,-1,-1,-1,-1,-1,-1,-1,-1,-1,-1,-1,-1,-1,-1,-1,-1,-1,-1,-1,-1,-1,-1,-1,-1,-1,-1,-1,-1,-1,-1,-1,-1,-1,-1,-1,-1,-1,-1,-1,-1,-1,-1,-1,-1,-1,,,,,,,,,,,,,,,,,,,,,,,,,,,,,,,,,,,,,,,,,,,
104,203,221,239,240,222,204,167,185,184,202,220,238,256,257,275,276,258,259,241,223,205,187,186,168,131,149,148,166,165,183,201,219,237,255,273,274,-1,-1,-1,-1,-1,-1,277,278,260,242,224,206,188,170,169,151,150,132,-1,-1,-1,-1,-1,-1,-1,-1,-1,-1,-1,-1,-1,-1,-1,-1,-1,-1,-1,-1,-1,-1,-1,-1,-1,-1,-1,-1,-1,-1,-1,-1,-1,-1,-1,-1,-1,-1,-1,-1,-1,-1,-1,-1,-1,-1,-1,-1,-1,-1,-1,-1,-1,,,,,,,,,,,,,,,,,,,,,,,,,,,,,,,,,,,,,,,,,,,
105,205,223,241,242,224,206,169,187,186,204,222,240,258,259,277,278,260,261,243,225,207,189,188,170,133,151,150,168,167,185,203,221,239,257,275,276,-1,-1,-1,-1,-1,-1,279,280,262,244,226,208,190,172,171,153,152,134,-1,-1,-1,-1,-1,-1,-1,-1,-1,-1,-1,-1,-1,-1,-1,-1,-1,-1,-1,-1,-1,-1,-1,-1,-1,-1,-1,-1,-1,-1,-1,-1,-1,-1,-1,-1,-1,-1,-1,-1,-1,-1,-1,-1,-1,-1,-1,-1,-1,-1,-1,-1,-1,,,,,,,,,,,,,,,,,,,,,,,,,,,,,,,,,,,,,,,,,,,
106,207,225,243,244,226,208,171,189,188,206,224,242,260,261,279,280,262,263,245,227,209,191,190,172,135,153,152,170,169,187,205,223,241,259,277,278,-1,-1,-1,-1,-1,-1,281,282,264,246,228,210,192,174,173,155,154,136,-1,-1,-1,-1,-1,-1,-1,-1,-1,-1,-1,-1,-1,-1,-1,-1,-1,-1,-1,-1,-1,-1,-1,-1,-1,-1,-1,-1,-1,-1,-1,-1,-1,-1,-1,-1,-1,-1,-1,-1,-1,-1,-1,-1,-1,-1,-1,-1,-1,-1,-1,-1,-1,,,,,,,,,,,,,,,,,,,,,,,,,,,,,,,,,,,,,,,,,,,
107,209,227,245,246,228,210,173,191,190,208,226,244,262,263,281,282,264,265,247,229,211,193,192,174,137,155,154,172,171,189,207,225,243,261,279,280,-1,-1,-1,-1,-1,-1,283,284,266,248,230,212,194,176,175,157,156,138,-1,-1,-1,-1,-1,-1,-1,-1,-1,-1,-1,-1,-1,-1,-1,-1,-1,-1,-1,-1,-1,-1,-1,-1,-1,-1,-1,-1,-1,-1,-1,-1,-1,-1,-1,-1,-1,-1,-1,-1,-1,-1,-1,-1,-1,-1,-1,-1,-1,-1,-1,-1,-1,,,,,,,,,,,,,,,,,,,,,,,,,,,,,,,,,,,,,,,,,,,
108,211,229,247,248,230,212,175,193,192,210,228,246,264,265,283,284,266,267,249,231,213,195,194,176,139,157,156,174,173,191,209,227,245,263,281,282,-1,-1,-1,-1,-1,-1,285,286,268,250,232,214,196,178,177,159,158,140,-1,-1,-1,-1,-1,-1,-1,-1,-1,-1,-1,-1,-1,-1,-1,-1,-1,-1,-1,-1,-1,-1,-1,-1,-1,-1,-1,-1,-1,-1,-1,-1,-1,-1,-1,-1,-1,-1,-1,-1,-1,-1,-1,-1,-1,-1,-1,-1,-1,-1,-1,-1,-1,,,,,,,,,,,,,,,,,,,,,,,,,,,,,,,,,,,,,,,,,,,
109,213,231,249,250,232,214,177,195,194,212,230,248,266,267,285,286,268,269,251,233,215,197,196,178,141,159,158,176,175,193,211,229,247,265,283,284,-1,-1,-1,-1,-1,-1,287,-1,-1,-1,-1,-1,-1,-1,179,161,160,142,-1,-1,-1,-1,-1,-1,-1,-1,-1,-1,-1,-1,-1,-1,-1,-1,-1,-1,-1,-1,-1,-1,-1,-1,-1,-1,-1,-1,-1,-1,-1,-1,-1,-1,-1,-1,-1,-1,-1,-1,-1,-1,-1,-1,-1,-1,-1,-1,-1,-1,-1,-1,-1,,,,,,,,,,,,,,,,,,,,,,,,,,,,,,,,,,,,,,,,,,,
110,216,234,252,253,235,217,180,198,-1,-1,-1,-1,-1,270,-1,-1,271,272,254,236,218,200,199,181,144,162,-1,-1,-1,-1,-1,-1,-1,-1,-1,-1,-1,-1,-1,-1,-1,-1,-1,-1,273,255,237,219,201,183,182,164,163,145,-1,-1,-1,-1,-1,-1,-1,-1,-1,-1,-1,-1,-1,-1,-1,-1,-1,-1,-1,-1,-1,-1,-1,-1,-1,-1,-1,-1,-1,-1,-1,-1,-1,-1,-1,-1,-1,-1,-1,-1,-1,-1,-1,-1,-1,-1,-1,-1,-1,-1,-1,-1,-1,,,,,,,,,,,,,,,,,,,,,,,,,,,,,,,,,,,,,,,,,,,
111,218,236,254,255,237,219,182,200,199,217,235,253,271,272,-1,-1,273,274,256,238,220,202,201,183,146,164,163,181,180,198,216,234,252,270,-1,-1,-1,-1,-1,-1,-1,-1,-1,-1,275,257,239,221,203,185,184,166,165,147,-1,-1,-1,-1,-1,-1,-1,-1,-1,-1,-1,-1,-1,-1,-1,-1,-1,-1,-1,-1,-1,-1,-1,-1,-1,-1,-1,-1,-1,-1,-1,-1,-1,-1,-1,-1,-1,-1,-1,-1,-1,-1,-1,-1,-1,-1,-1,-1,-1,-1,-1,-1,-1,,,,,,,,,,,,,,,,,,,,,,,,,,,,,,,,,,,,,,,,,,,
112,220,238,256,257,239,221,184,202,201,219,237,255,273,274,-1,-1,275,276,258,240,222,204,203,185,148,166,165,183,182,200,218,236,254,272,-1,-1,-1,-1,-1,-1,-1,-1,-1,-1,277,259,241,223,205,187,186,168,167,149,-1,-1,-1,-1,-1,-1,-1,-1,-1,-1,-1,-1,-1,-1,-1,-1,-1,-1,-1,-1,-1,-1,-1,-1,-1,-1,-1,-1,-1,-1,-1,-1,-1,-1,-1,-1,-1,-1,-1,-1,-1,-1,-1,-1,-1,-1,-1,-1,-1,-1,-1,-1,-1,,,,,,,,,,,,,,,,,,,,,,,,,,,,,,,,,,,,,,,,,,,
113,222,240,258,259,241,223,186,204,203,221,239,257,275,276,-1,-1,277,278,260,242,224,206,205,187,150,168,167,185,184,202,220,238,256,274,-1,-1,-1,-1,-1,-1,-1,-1,-1,-1,279,261,243,225,207,189,188,170,169,151,-1,-1,-1,-1,-1,-1,-1,-1,-1,-1,-1,-1,-1,-1,-1,-1,-1,-1,-1,-1,-1,-1,-1,-1,-1,-1,-1,-1,-1,-1,-1,-1,-1,-1,-1,-1,-1,-1,-1,-1,-1,-1,-1,-1,-1,-1,-1,-1,-1,-1,-1,-1,-1,,,,,,,,,,,,,,,,,,,,,,,,,,,,,,,,,,,,,,,,,,,
114,224,242,260,261,243,225,188,206,205,223,241,259,277,278,-1,-1,279,280,262,244,226,208,207,189,152,170,169,187,186,204,222,240,258,276,-1,-1,-1,-1,-1,-1,-1,-1,-1,-1,281,263,245,227,209,191,190,172,171,153,-1,-1,-1,-1,-1,-1,-1,-1,-1,-1,-1,-1,-1,-1,-1,-1,-1,-1,-1,-1,-1,-1,-1,-1,-1,-1,-1,-1,-1,-1,-1,-1,-1,-1,-1,-1,-1,-1,-1,-1,-1,-1,-1,-1,-1,-1,-1,-1,-1,-1,-1,-1,-1,,,,,,,,,,,,,,,,,,,,,,,,,,,,,,,,,,,,,,,,,,,
115,226,244,262,263,245,227,190,208,207,225,243,261,279,280,-1,-1,281,282,264,246,228,210,209,191,154,172,171,189,188,206,224,242,260,278,-1,-1,-1,-1,-1,-1,-1,-1,-1,-1,283,265,247,229,211,193,192,174,173,155,-1,-1,-1,-1,-1,-1,-1,-1,-1,-1,-1,-1,-1,-1,-1,-1,-1,-1,-1,-1,-1,-1,-1,-1,-1,-1,-1,-1,-1,-1,-1,-1,-1,-1,-1,-1,-1,-1,-1,-1,-1,-1,-1,-1,-1,-1,-1,-1,-1,-1,-1,-1,-1,,,,,,,,,,,,,,,,,,,,,,,,,,,,,,,,,,,,,,,,,,,
116,228,246,264,265,247,229,192,210,209,227,245,263,281,282,-1,-1,283,284,266,248,230,212,211,193,156,174,173,191,190,208,226,244,262,280,-1,-1,-1,-1,-1,-1,-1,-1,-1,-1,285,267,249,231,213,195,194,176,175,157,-1,-1,-1,-1,-1,-1,-1,-1,-1,-1,-1,-1,-1,-1,-1,-1,-1,-1,-1,-1,-1,-1,-1,-1,-1,-1,-1,-1,-1,-1,-1,-1,-1,-1,-1,-1,-1,-1,-1,-1,-1,-1,-1,-1,-1,-1,-1,-1,-1,-1,-1,-1,-1,,,,,,,,,,,,,,,,,,,,,,,,,,,,,,,,,,,,,,,,,,,
117,230,248,266,267,249,231,194,212,211,229,247,265,283,284,-1,-1,285,286,268,250,232,214,213,195,158,176,175,193,192,210,228,246,264,282,-1,-1,-1,-1,-1,-1,-1,-1,-1,-1,287,269,251,233,215,197,196,178,177,159,-1,-1,-1,-1,-1,-1,-1,-1,-1,-1,-1,-1,-1,-1,-1,-1,-1,-1,-1,-1,-1,-1,-1,-1,-1,-1,-1,-1,-1,-1,-1,-1,-1,-1,-1,-1,-1,-1,-1,-1,-1,-1,-1,-1,-1,-1,-1,-1,-1,-1,-1,-1,-1,,,,,,,,,,,,,,,,,,,,,,,,,,,,,,,,,,,,,,,,,,,
118,232,250,268,269,251,233,196,214,213,231,249,267,285,286,-1,-1,287,-1,-1,-1,-1,-1,215,197,160,178,177,195,194,212,230,248,266,284,-1,-1,-1,-1,-1,-1,-1,-1,-1,-1,-1,-1,-1,-1,-1,-1,-1,-1,179,161,-1,-1,-1,-1,-1,-1,-1,-1,-1,-1,-1,-1,-1,-1,-1,-1,-1,-1,-1,-1,-1,-1,-1,-1,-1,-1,-1,-1,-1,-1,-1,-1,-1,-1,-1,-1,-1,-1,-1,-1,-1,-1,-1,-1,-1,-1,-1,-1,-1,-1,-1,-1,-1,,,,,,,,,,,,,,,,,,,,,,,,,,,,,,,,,,,,,,,,,,,
119,235,253,271,272,254,236,199,217,216,234,252,270,-1,-1,-1,-1,-1,-1,273,255,237,219,218,200,163,181,180,198,-1,-1,-1,-1,-1,-1,-1,-1,-1,-1,-1,-1,-1,-1,-1,-1,-1,274,256,238,220,202,201,183,182,164,-1,-1,-1,-1,-1,-1,-1,-1,-1,-1,-1,-1,-1,-1,-1,-1,-1,-1,-1,-1,-1,-1,-1,-1,-1,-1,-1,-1,-1,-1,-1,-1,-1,-1,-1,-1,-1,-1,-1,-1,-1,-1,-1,-1,-1,-1,-1,-1,-1,-1,-1,-1,-1,,,,,,,,,,,,,,,,,,,,,,,,,,,,,,,,,,,,,,,,,,,
120,237,255,273,274,256,238,201,219,218,236,254,272,-1,-1,-1,-1,-1,-1,275,257,239,221,220,202,165,183,182,200,199,217,235,253,271,-1,-1,-1,-1,-1,-1,-1,-1,-1,-1,-1,-1,276,258,240,222,204,203,185,184,166,-1,-1,-1,-1,-1,-1,-1,-1,-1,-1,-1,-1,-1,-1,-1,-1,-1,-1,-1,-1,-1,-1,-1,-1,-1,-1,-1,-1,-1,-1,-1,-1,-1,-1,-1,-1,-1,-1,-1,-1,-1,-1,-1,-1,-1,-1,-1,-1,-1,-1,-1,-1,-1,,,,,,,,,,,,,,,,,,,,,,,,,,,,,,,,,,,,,,,,,,,
121,239,257,275,276,258,240,203,221,220,238,256,274,-1,-1,-1,-1,-1,-1,277,259,241,223,222,204,167,185,184,202,201,219,237,255,273,-1,-1,-1,-1,-1,-1,-1,-1,-1,-1,-1,-1,278,260,242,224,206,205,187,186,168,-1,-1,-1,-1,-1,-1,-1,-1,-1,-1,-1,-1,-1,-1,-1,-1,-1,-1,-1,-1,-1,-1,-1,-1,-1,-1,-1,-1,-1,-1,-1,-1,-1,-1,-1,-1,-1,-1,-1,-1,-1,-1,-1,-1,-1,-1,-1,-1,-1,-1,-1,-1,-1,,,,,,,,,,,,,,,,,,,,,,,,,,,,,,,,,,,,,,,,,,,
122,241,259,277,278,260,242,205,223,222,240,258,276,-1,-1,-1,-1,-1,-1,279,261,243,225,224,206,169,187,186,204,203,221,239,257,275,-1,-1,-1,-1,-1,-1,-1,-1,-1,-1,-1,-1,280,262,244,226,208,207,189,188,170,-1,-1,-1,-1,-1,-1,-1,-1,-1,-1,-1,-1,-1,-1,-1,-1,-1,-1,-1,-1,-1,-1,-1,-1,-1,-1,-1,-1,-1,-1,-1,-1,-1,-1,-1,-1,-1,-1,-1,-1,-1,-1,-1,-1,-1,-1,-1,-1,-1,-1,-1,-1,-1,,,,,,,,,,,,,,,,,,,,,,,,,,,,,,,,,,,,,,,,,,,
123,243,261,279,280,262,244,207,225,224,242,260,278,-1,-1,-1,-1,-1,-1,281,263,245,227,226,208,171,189,188,206,205,223,241,259,277,-1,-1,-1,-1,-1,-1,-1,-1,-1,-1,-1,-1,282,264,246,228,210,209,191,190,172,-1,-1,-1,-1,-1,-1,-1,-1,-1,-1,-1,-1,-1,-1,-1,-1,-1,-1,-1,-1,-1,-1,-1,-1,-1,-1,-1,-1,-1,-1,-1,-1,-1,-1,-1,-1,-1,-1,-1,-1,-1,-1,-1,-1,-1,-1,-1,-1,-1,-1,-1,-1,-1,,,,,,,,,,,,,,,,,,,,,,,,,,,,,,,,,,,,,,,,,,,
124,245,263,281,282,264,246,209,227,226,244,262,280,-1,-1,-1,-1,-1,-1,283,265,247,229,228,210,173,191,190,208,207,225,243,261,279,-1,-1,-1,-1,-1,-1,-1,-1,-1,-1,-1,-1,284,266,248,230,212,211,193,192,174,-1,-1,-1,-1,-1,-1,-1,-1,-1,-1,-1,-1,-1,-1,-1,-1,-1,-1,-1,-1,-1,-1,-1,-1,-1,-1,-1,-1,-1,-1,-1,-1,-1,-1,-1,-1,-1,-1,-1,-1,-1,-1,-1,-1,-1,-1,-1,-1,-1,-1,-1,-1,-1,,,,,,,,,,,,,,,,,,,,,,,,,,,,,,,,,,,,,,,,,,,
125,247,265,283,284,266,248,211,229,228,246,264,282,-1,-1,-1,-1,-1,-1,285,267,249,231,230,212,175,193,192,210,209,227,245,263,281,-1,-1,-1,-1,-1,-1,-1,-1,-1,-1,-1,-1,286,268,250,232,214,213,195,194,176,-1,-1,-1,-1,-1,-1,-1,-1,-1,-1,-1,-1,-1,-1,-1,-1,-1,-1,-1,-1,-1,-1,-1,-1,-1,-1,-1,-1,-1,-1,-1,-1,-1,-1,-1,-1,-1,-1,-1,-1,-1,-1,-1,-1,-1,-1,-1,-1,-1,-1,-1,-1,-1,,,,,,,,,,,,,,,,,,,,,,,,,,,,,,,,,,,,,,,,,,,
126,249,267,285,286,268,250,213,231,230,248,266,284,-1,-1,-1,-1,-1,-1,287,269,251,233,232,214,177,195,194,212,211,229,247,265,283,-1,-1,-1,-1,-1,-1,-1,-1,-1,-1,-1,-1,-1,-1,-1,-1,-1,215,197,196,178,-1,-1,-1,-1,-1,-1,-1,-1,-1,-1,-1,-1,-1,-1,-1,-1,-1,-1,-1,-1,-1,-1,-1,-1,-1,-1,-1,-1,-1,-1,-1,-1,-1,-1,-1,-1,-1,-1,-1,-1,-1,-1,-1,-1,-1,-1,-1,-1,-1,-1,-1,-1,-1,,,,,,,,,,,,,,,,,,,,,,,,,,,,,,,,,,,,,,,,,,,
127,252,270,-1,-1,271,253,216,234,-1,-1,-1,-1,-1,-1,-1,-1,-1,-1,-1,272,254,236,235,217,180,198,-1,-1,-1,-1,-1,-1,-1,-1,-1,-1,-1,-1,-1,-1,-1,-1,-1,-1,-1,-1,273,255,237,219,218,200,199,181,-1,-1,-1,-1,-1,-1,-1,-1,-1,-1,-1,-1,-1,-1,-1,-1,-1,-1,-1,-1,-1,-1,-1,-1,-1,-1,-1,-1,-1,-1,-1,-1,-1,-1,-1,-1,-1,-1,-1,-1,-1,-1,-1,-1,-1,-1,-1,-1,-1,-1,-1,-1,-1,,,,,,,,,,,,,,,,,,,,,,,,,,,,,,,,,,,,,,,,,,,
128,254,272,-1,-1,273,255,218,236,235,253,271,-1,-1,-1,-1,-1,-1,-1,-1,274,256,238,237,219,182,200,199,217,216,234,252,270,-1,-1,-1,-1,-1,-1,-1,-1,-1,-1,-1,-1,-1,-1,275,257,239,221,220,202,201,183,-1,-1,-1,-1,-1,-1,-1,-1,-1,-1,-1,-1,-1,-1,-1,-1,-1,-1,-1,-1,-1,-1,-1,-1,-1,-1,-1,-1,-1,-1,-1,-1,-1,-1,-1,-1,-1,-1,-1,-1,-1,-1,-1,-1,-1,-1,-1,-1,-1,-1,-1,-1,-1,,,,,,,,,,,,,,,,,,,,,,,,,,,,,,,,,,,,,,,,,,,
129,256,274,-1,-1,275,257,220,238,237,255,273,-1,-1,-1,-1,-1,-1,-1,-1,276,258,240,239,221,184,202,201,219,218,236,254,272,-1,-1,-1,-1,-1,-1,-1,-1,-1,-1,-1,-1,-1,-1,277,259,241,223,222,204,203,185,-1,-1,-1,-1,-1,-1,-1,-1,-1,-1,-1,-1,-1,-1,-1,-1,-1,-1,-1,-1,-1,-1,-1,-1,-1,-1,-1,-1,-1,-1,-1,-1,-1,-1,-1,-1,-1,-1,-1,-1,-1,-1,-1,-1,-1,-1,-1,-1,-1,-1,-1,-1,-1,,,,,,,,,,,,,,,,,,,,,,,,,,,,,,,,,,,,,,,,,,,
130,258,276,-1,-1,277,259,222,240,239,257,275,-1,-1,-1,-1,-1,-1,-1,-1,278,260,242,241,223,186,204,203,221,220,238,256,274,-1,-1,-1,-1,-1,-1,-1,-1,-1,-1,-1,-1,-1,-1,279,261,243,225,224,206,205,187,-1,-1,-1,-1,-1,-1,-1,-1,-1,-1,-1,-1,-1,-1,-1,-1,-1,-1,-1,-1,-1,-1,-1,-1,-1,-1,-1,-1,-1,-1,-1,-1,-1,-1,-1,-1,-1,-1,-1,-1,-1,-1,-1,-1,-1,-1,-1,-1,-1,-1,-1,-1,-1,,,,,,,,,,,,,,,,,,,,,,,,,,,,,,,,,,,,,,,,,,,
131,260,278,-1,-1,279,261,224,242,241,259,277,-1,-1,-1,-1,-1,-1,-1,-1,280,262,244,243,225,188,206,205,223,222,240,258,276,-1,-1,-1,-1,-1,-1,-1,-1,-1,-1,-1,-1,-1,-1,281,263,245,227,226,208,207,189,-1,-1,-1,-1,-1,-1,-1,-1,-1,-1,-1,-1,-1,-1,-1,-1,-1,-1,-1,-1,-1,-1,-1,-1,-1,-1,-1,-1,-1,-1,-1,-1,-1,-1,-1,-1,-1,-1,-1,-1,-1,-1,-1,-1,-1,-1,-1,-1,-1,-1,-1,-1,-1,,,,,,,,,,,,,,,,,,,,,,,,,,,,,,,,,,,,,,,,,,,
132,262,280,-1,-1,281,263,226,244,243,261,279,-1,-1,-1,-1,-1,-1,-1,-1,282,264,246,245,227,190,208,207,225,224,242,260,278,-1,-1,-1,-1,-1,-1,-1,-1,-1,-1,-1,-1,-1,-1,283,265,247,229,228,210,209,191,-1,-1,-1,-1,-1,-1,-1,-1,-1,-1,-1,-1,-1,-1,-1,-1,-1,-1,-1,-1,-1,-1,-1,-1,-1,-1,-1,-1,-1,-1,-1,-1,-1,-1,-1,-1,-1,-1,-1,-1,-1,-1,-1,-1,-1,-1,-1,-1,-1,-1,-1,-1,-1,,,,,,,,,,,,,,,,,,,,,,,,,,,,,,,,,,,,,,,,,,,
133,264,282,-1,-1,283,265,228,246,245,263,281,-1,-1,-1,-1,-1,-1,-1,-1,284,266,248,247,229,192,210,209,227,226,244,262,280,-1,-1,-1,-1,-1,-1,-1,-1,-1,-1,-1,-1,-1,-1,285,267,249,231,230,212,211,193,-1,-1,-1,-1,-1,-1,-1,-1,-1,-1,-1,-1,-1,-1,-1,-1,-1,-1,-1,-1,-1,-1,-1,-1,-1,-1,-1,-1,-1,-1,-1,-1,-1,-1,-1,-1,-1,-1,-1,-1,-1,-1,-1,-1,-1,-1,-1,-1,-1,-1,-1,-1,-1,,,,,,,,,,,,,,,,,,,,,,,,,,,,,,,,,,,,,,,,,,,
134,266,284,-1,-1,285,267,230,248,247,265,283,-1,-1,-1,-1,-1,-1,-1,-1,286,268,250,249,231,194,212,211,229,228,246,264,282,-1,-1,-1,-1,-1,-1,-1,-1,-1,-1,-1,-1,-1,-1,287,269,251,233,232,214,213,195,-1,-1,-1,-1,-1,-1,-1,-1,-1,-1,-1,-1,-1,-1,-1,-1,-1,-1,-1,-1,-1,-1,-1,-1,-1,-1,-1,-1,-1,-1,-1,-1,-1,-1,-1,-1,-1,-1,-1,-1,-1,-1,-1,-1,-1,-1,-1,-1,-1,-1,-1,-1,-1,,,,,,,,,,,,,,,,,,,,,,,,,,,,,,,,,,,,,,,,,,,
135,268,286,-1,-1,287,269,232,250,249,267,285,-1,-1,-1,-1,-1,-1,-1,-1,-1,-1,-1,251,233,196,214,213,231,230,248,266,284,-1,-1,-1,-1,-1,-1,-1,-1,-1,-1,-1,-1,-1,-1,-1,-1,-1,-1,-1,-1,215,197,-1,-1,-1,-1,-1,-1,-1,-1,-1,-1,-1,-1,-1,-1,-1,-1,-1,-1,-1,-1,-1,-1,-1,-1,-1,-1,-1,-1,-1,-1,-1,-1,-1,-1,-1,-1,-1,-1,-1,-1,-1,-1,-1,-1,-1,-1,-1,-1,-1,-1,-1,-1,-1,,,,,,,,,,,,,,,,,,,,,,,,,,,,,,,,,,,,,,,,,,,
